Jumper	Player	Grade	DOB	Age	Height	Weight	Games_Prior	Goals_Prior	Coach_Votes_Prior	Blow_Votes_Prior	Games_2026	Goals_2026	Coach_Votes_2026	Blow_Votes_2026	Games_Total	Goals_Total	Coach_Votes_Total	Blow_Votes_Total	Original_Club	Drafted	Honours
1	Harry Morrison	C+	12 Nov 98	27yr	182cm	73kg	123	30	9	0	1	0	0	0	124	30	9	0	Benalla/Murray U18	#74 National 2016	
2	Mitch Lewis	B	14 Oct 98	27yr	198cm	92kg	78	133	40	4	4	4	0	0	82	137	40	4	Wallan/Whittlesea/Calder U18	#76 National 2016	
3	Jai Newcombe	A	8 Feb 01	25yr	186cm	85kg	102	43	220	70	4	2	10	0	106	45	230	70	Poowong/Gippsland U18/Box Hill	#2 Mid-Season 2020	B&F: 2024; AFLCA Young: 2022; AA40: 2023
4	Jarman Impey	B	9 Jul 95	30yr	178cm	76kg	221	68	99	10	4	0	8	0	225	68	107	10	Shepparton FC/Shepparton Swans/Murray U18	#21 National 2013	
5	Nick Watson	B	24 Feb 05	21yr	170cm	68kg	43	61	14	0	4	10	12	0	47	71	26	0	East Ringwood/Caulfield Grammar/Eastern U18	#5 National 2023	
6	James Sicily	A	6 Jan 95	31yr	186cm	77kg	179	76	306	52	4	0	3	0	183	76	309	52	Keilor/Western U18/Williamstown	#56 National 2013	AA: 2023; B&F: 2022; AA40: 2019, 2022, 2024
7	Ned Reeves	C+	31 Oct 98	27yr	208cm	96kg	43	11	5	0	3	2	0	0	46	13	5	0	East Malvern/St Kevin's College/Oakleigh U18	SSP 2018	
8	Dylan Moore	A	4 Aug 99	26yr	176cm	66kg	126	133	152	17	4	4	6	0	130	137	158	17	Rowville/Caulfield Grammar/Eastern U18	#67 National 2017	AA: 2024
9	Connor Macdonald	B	13 Jan 03	23yr	185cm	83kg	90	71	37	1	4	2	7	0	94	73	44	1	Doveton FC/Haileybury College/Dandenong U18	#26 National 2021	
10	Karl Amon	B+	19 Aug 95	30yr	181cm	71kg	195	72	132	35	3	0	0	0	198	72	132	35	East Sandringham/Hampton Rovers/Haileybury College/Sandringham U18	#68 National 2013	AA40: 2021
11	Conor Nash	B	28 Jul 98	27yr	197cm	92kg	120	22	41	2	4	1	4	0	124	23	45	2	County Meath	Unregistered 2016	
12	Will Day	B+	5 Jun 01	24yr	189cm	76kg	76	19	88	21	0	0	0	0	76	19	88	21	PHOS Camden/Sacred Heart College/West Adelaide	#13 National 2019	B&F: 2023
13	Calsher Dear	C	4 Aug 05	20yr	195cm	87kg	26	35	0	0	0	0	0	0	26	35	0	0	Beaumaris/St Bede's College/Sandringham U18	#56 National 2023	
14	Jack Scrimshaw	B	4 Sep 98	27yr	193cm	80kg	123	11	29	1	4	0	0	0	127	11	29	1	Haileybury College/Beaumaris/Sandringham U18	#7 National 2016	
15	Blake Hardwick	B	5 Feb 97	29yr	181cm	78kg	198	32	85	3	4	0	0	0	202	32	85	3	Beverley Hills/Donvale/East Doncaster/Eastern U18	#44 National 2015	
16	Massimo D'Ambrosio	B+	5 Jun 03	22yr	178cm	80kg	66	17	35	8	4	1	0	0	70	18	35	8	Point Cook/Western U18/Richmond (VFL)	#3 Mid-Season 2021	AA40: 2024
17	Lloyd Meek	B+	22 Apr 98	28yr	201cm	102kg	77	24	37	4	4	1	0	0	81	25	37	4	SMW Rovers/North Ballarat JFC/North Ballarat U18/North Ballarat	#69 National 2017	
18	Mabior Chol	B	24 May 97	28yr	197cm	80kg	108	157	51	6	4	7	0	0	112	164	51	6	Yeronga/Aspley/Queensland U18/Brisbane (NEAFL)	#30 Rookie 2015	
19	Jack Gunston	A	16 Oct 91	34yr	193cm	84kg	283	554	282	60	4	16	13	0	287	570	295	60	Beaumaris/Haileybury College/Sandringham U18	#29 National 2009	AA: 2018, 2025; B&F: 2020, 2025; AA40: 2014, 2015, 2016, 2020; Prem: 2013, 2014, 2015
20	Finn Maginness	B	23 Feb 01	25yr	187cm	80kg	58	14	14	0	1	0	0	0	59	14	14	0	East Brighton/Scotch College/Sandringham U18	#29 National 2019	
21	Noah Mraz	D	20 Feb 06	20yr	198cm		0	0	0	0	0	0	0	0	0	0	0	0	Narre North/Berwick College/Dandenong U18	#35 National 2024	
22	Cam Nairn	D	15 Oct 07	18yr	188cm		0	0	0	0	0	0	0	0	0	0	0	0	Willaston/Central District	#20 National 2025	
23	Josh Weddle	B	25 May 04	21yr	192cm	92kg	60	23	28	8	4	3	1	0	64	26	29	8	Templestowe/Oakleigh U18	#18 National 2022	
24	Josh Battle	A	1 Sep 98	27yr	192cm	90kg	149	30	71	5	4	0	0	0	153	30	71	5	Narre Warren/Doveton FC/Haileybury College/Dandenong U18	#39 National 2016	AA: 2025
25	Josh Ward	C+	15 Aug 03	22yr	183cm	77kg	67	8	10	7	4	0	0	0	71	8	10	7	Fitzroy Lions JFC/Melbourne Grammar/Northern U18	#7 National 2021	
26	Bodie Ryan	D	20 Apr 05	21yr	187cm	82kg	0	0	0	0	0	0	0	0	0	0	0	0	Brighton/Sacred Heart College/Glenelg	#46 National 2023	
27	Will McCabe	D	29 Sep 05	20yr	197cm	86kg	0	0	0	0	0	0	0	0	0	0	0	0	Hamley Bridge/Sacred Heart College/Tanunda/Central District	#19 National 2023	
28	Cam Mackenzie	C+	21 Jan 04	22yr	188cm	82kg	46	12	6	3	2	1	0	0	48	13	6	3	Beaumaris/Sandringham U18	#7 National 2022	
29	Aidan Schubert	D	21 Dec 07	18yr	198cm		0	0	0	0	0	0	0	0	0	0	0	0	Gawler Central/Central District	#23 National 2025	
30	Sam Butler	C	10 Feb 03	23yr	184cm	76kg	25	15	0	0	4	3	0	0	29	18	0	0	Lake Wendouree/St Patrick's College/North Ballarat U18	#23 National 2021	
31	Matthew LeRay	D	22 Feb 07	19yr	188cm		0	0	0	0	0	0	0	0	0	0	0	0	Golden Grove/Central District	#56 National 2025	
32	Cody Anderson	D	30 Jan 06	20yr	183cm		0	0	0	0	0	0	0	0	0	0	0	0	Healesville/Mount Lilydale Mercy College/Eastern U18	#64 National 2024	
33	Jack Ginnivan	B	19 Dec 02	23yr	183cm	77kg	90	115	35	7	4	5	5	0	94	120	40	7	Strathfieldsaye/Bendigo U18	#13 Rookie 2020	Prem: 2023
34	Jack Dalton	D	5 Apr 07	19yr	178cm		0	0	0	0	1	0	0	0	1	0	0	0	East Malvern/Sandringham U18	#34 National 2025	
35	Ollie Greeves	D	7 Feb 07	19yr	192cm		0	0	0	0	0	0	0	0	0	0	0	0	Vermont/Eastern U18	#12 Rookie 2025	
36	James Blanck	C	20 Nov 00	25yr	196cm	93kg	24	0	0	0	0	0	0	0	24	0	0	0	Park Orchards/Whitefriars College/Eastern U18/Box Hill	#20 Mid-Season 2021	
37	Tom Barrass	B	8 Oct 95	30yr	194cm	85kg	175	1	100	5	4	0	12	0	179	1	112	5	Hale School/Claremont	#43 National 2013	B&F: 2022; AA40: 2022; Prem: 2018
38	Max Ramsden	D	19 Apr 03	23yr	203cm	86kg	9	5	0	0	0	0	0	0	9	5	0	0	South Melbourne Districts/Melbourne Grammar/Sandringham U18	#6 Mid-Season 2021	
39	Flynn Perez		25 Aug 01	24yr	187cm	82kg	24	1	0	0	1	0	0	0	25	1	0	0	Sandhurst/Catherine McAuley College/Bendigo U18	#35 National 2019	
41	Matt Hill	D	1 Jan 04	22yr	187cm		0	0	0	0	0	0	0	0	0	0	0	0	Rugby League	Unregistered 2024	
42	Bailey Macdonald	C	4 Aug 04	21yr	182cm	74kg	8	1	0	0	0	0	0	0	8	1	0	0	Surrey Park/Oakleigh U18	#51 National 2022	
43	Jaime Uhr-Henry	D	12 May 03	22yr	209cm		0	0	0	0	0	0	0	0	0	0	0	0	Basketball	Unregistered 2024	
44	Henry Hustwaite	D	20 Jul 04	21yr	195cm	84kg	10	2	0	0	0	0	0	0	10	2	0	0	Rosebud/Dandenong U18	#37 National 2022
