"player","jersey","position","match_id","match_date","round_number","gps_distance_m","gps_hs_dist_m","gps_sprints","gps_player_load","gps_max_vel","gps_m_per_min","gps_hr_avg","gps_hr_max","gps_accels","gps_decels","gps_hmld","gps_field_min","disposals","kicks","handballs","marks","tackles","clearances","free_kicks","pressure_acts","inside_50s","rebound_50s","metres_gained","turnovers","goals","behinds","time_on_ground","activity_id","athlete_id"
"Calsher Dear","13","Hybrid","166205954","2025-08-01T00:00:00Z","21","7611.69360","703.79000000000004","21","679.49828","8.40542","77.4553646966645460","0.00000000000000000000","0","83","0","2639.56995","5896.3200004100799","11.0000000000","10.0000000000","1.0000000000","6.0000000000","","","1.0000000000","18.0000000000","2.0000000000","","239.7657512972","2.0000000000","3.0000000000","1.0000000000","7972.0000000000","2796f658-43aa-46b6-bbed-0b2d5793cda8","8abef924-5203-4e6c-967d-b809d768e3b4"
"Jack Gunston","19","Forward","166205954","2025-08-01T00:00:00Z","21","13165.49853","821.06000000000002","23","1279.20578","7.8377","99.2703499355411940","74.8202825000000000","135","146","0","4737.98004","7957.3600003719329","10.0000000000","7.0000000000","3.0000000000","2.0000000000","","","2.0000000000","10.0000000000","","","161.3517165936","3.0000000000","4.0000000000","1.0000000000","7972.0000000000","2796f658-43aa-46b6-bbed-0b2d5793cda8","0325dfcd-afd9-4feb-9006-dd13f41ca9e6"
"Jack Ginnivan","33","Hybrid","166205954","2025-08-01T00:00:00Z","21","13963.90698","1575.49000","47","1379.87329","7.90098","105.2905007139100140","118.5940700000000000","134","189","0","4324.63006","7957.3600003719329","13.0000000000","10.0000000000","3.0000000000","6.0000000000","","","","5.0000000000","4.0000000000","","308.9403785862","3.0000000000","","","7972.0000000000","2796f658-43aa-46b6-bbed-0b2d5793cda8","020880cf-4cc3-45b8-ade5-ced73183435f"
"Jarman Impey","04","Midfielder","166205954","2025-08-01T00:00:00Z","21","14085.56275","1875.26999000000008","47","1395.26156","8.40751","106.2078082379706120","119.3814125000000000","139","154","0","4638.70997","7957.3600003719329","22.0000000000","13.0000000000","9.0000000000","5.0000000000","3.0000000000","2.0000000000","","18.0000000000","1.0000000000","4.0000000000","363.5351121209","3.0000000000","","1.0000000000","7972.0000000000","2796f658-43aa-46b6-bbed-0b2d5793cda8","48b7449c-7b00-4728-8dcf-81959514acff"
"Karl Amon","10","Hybrid","166205954","2025-08-01T00:00:00Z","21","14494.06910","1835.93997000000010","45","1376.91568","8.60963","109.2880234096926840","87.3407950000000000","127","167","0","4891.02001","7957.3600003719329","23.0000000000","15.0000000000","8.0000000000","1.0000000000","5.0000000000","","1.0000000000","13.0000000000","4.0000000000","5.0000000000","605.7448243381","5.0000000000","","","7972.0000000000","2796f658-43aa-46b6-bbed-0b2d5793cda8","036695b3-12e6-43fb-a153-0dea34fd7c41"
"James Sicily","06","Back","166205954","2025-08-01T00:00:00Z","21","14900.27491","1544.27998999999995","39","1368.75495","7.86493","112.3508920745338920","96.6088975000000000","122","160","0","4797.68006","7957.3600003719329","18.0000000000","15.0000000000","3.0000000000","11.0000000000","1.0000000000","","","5.0000000000","7.0000000000","5.0000000000","487.8017413781","5.0000000000","","","7972.0000000000","2796f658-43aa-46b6-bbed-0b2d5793cda8","29708cec-1d8a-451d-a7da-18fca9557adc"
"Tom Barrass","37","Hybrid","166205954","2025-08-01T00:00:00Z","21","13070.48902","833.33999","20","1135.35095","8.54611","98.5539602535695940","99.8811250000000000","175","120","0","4667.16009","7957.3600003719329","7.0000000000","3.0000000000","4.0000000000","2.0000000000","2.0000000000","","1.0000000000","10.0000000000","1.0000000000","1.0000000000","109.5929115396","1.0000000000","","","7972.0000000000","2796f658-43aa-46b6-bbed-0b2d5793cda8","6c56e5bd-2cd0-47f8-993f-dcc1d1ebce45"
"Will Day","12","Hybrid","166205954","2025-08-01T00:00:00Z","21","11405.20435","693.05","16","1204.16443","8.22699","85.9973987563733100","109.6515700000000000","156","164","0","4056.13000","7957.3600003719329","21.0000000000","12.0000000000","9.0000000000","4.0000000000","12.0000000000","4.0000000000","2.0000000000","28.0000000000","6.0000000000","","372.2383687002","1.0000000000","2.0000000000","","7972.0000000000","2796f658-43aa-46b6-bbed-0b2d5793cda8","09911943-d336-480e-bc5a-6f526913bbfb"
"Blake Hardwick","15","Back","166205954","2025-08-01T00:00:00Z","21","14795.09692","1370.35999999999997","39","1395.47141","8.41347","111.5578301294032140","56.9496100000000000","171","182","0","4979.81994","7957.3600003719329","15.0000000000","8.0000000000","7.0000000000","2.0000000000","","1.0000000000","1.0000000000","10.0000000000","1.0000000000","2.0000000000","274.6479810655","4.0000000000","","","7972.0000000000","2796f658-43aa-46b6-bbed-0b2d5793cda8","2ca83ae0-85a1-479e-bef1-d06af29b9200"
"Mitch Lewis","02","Back","166205954","2025-08-01T00:00:00Z","21","12775.69020","1071.50999","27","1063.37384","7.50922","96.3311213724364980","98.0015800000000000","109","154","0","4138.53997","7957.3600003719329","17.0000000000","10.0000000000","7.0000000000","2.0000000000","2.0000000000","2.0000000000","1.0000000000","14.0000000000","2.0000000000","","241.3088171097","5.0000000000","","2.0000000000","7972.0000000000","2796f658-43aa-46b6-bbed-0b2d5793cda8","35159eb5-300f-48c1-b664-b6b12ef66fda"
"Mabior Chol","18","Hybrid","166205954","2025-08-01T00:00:00Z","21","10371.76319","670.51000000000005","16","841.67037","8.09254","78.2050568745052320","114.1569125000000000","115","113","0","3364.14007","7957.3600003719329","9.0000000000","7.0000000000","2.0000000000","1.0000000000","2.0000000000","3.0000000000","","7.0000000000","1.0000000000","","104.0524397915","6.0000000000","1.0000000000","","7972.0000000000","2796f658-43aa-46b6-bbed-0b2d5793cda8","236a3ba1-a655-45e2-bcd2-6ad50b7c42fd"
"Jack Scrimshaw","14","Hybrid","166205954","2025-08-01T00:00:00Z","21","12243.02734","1027.00000000000002","25","1086.37184","7.75366","92.3147426238934920","84.5051025000000000","98","151","0","4454.06995","7957.3600003719329","11.0000000000","6.0000000000","5.0000000000","4.0000000000","","","","4.0000000000","2.0000000000","2.0000000000","147.7495078160","1.0000000000","","","7972.0000000000","2796f658-43aa-46b6-bbed-0b2d5793cda8","131ea882-7562-4a3d-a0e0-ddd0ca763ee2"
"Josh Battle","24","Hybrid","166205954","2025-08-01T00:00:00Z","21","15882.01806","1774.76998999999996","53","1511.13318","8.50482","119.7534211793182380","72.0282050000000000","191","201","0","4988.24006","7957.3600003719329","22.0000000000","14.0000000000","8.0000000000","8.0000000000","3.0000000000","1.0000000000","1.0000000000","9.0000000000","","7.0000000000","405.9006419168","4.0000000000","","","7972.0000000000","2796f658-43aa-46b6-bbed-0b2d5793cda8","d906015c-707c-4176-b45b-c0b21e435310"
"Mitch Lewis","02","Back","166205954","2025-08-01T00:00:00Z","21","12775.69020","1071.50999","27","1063.37384","7.50922","96.3311213724364980","98.0015800000000000","109","154","0","4138.53997","7957.3600003719329","7.0000000000","5.0000000000","2.0000000000","4.0000000000","3.0000000000","","","9.0000000000","2.0000000000","","136.2340454503","1.0000000000","1.0000000000","","7972.0000000000","2796f658-43aa-46b6-bbed-0b2d5793cda8","35159eb5-300f-48c1-b664-b6b12ef66fda"
"Harry Morrison","01","Back","166205954","2025-08-01T00:00:00Z","21","15691.07934","1755.77999999999996","45","1489.22990","8.12527","118.3137071033603160","152.5385925000000000","183","174","0","5746.80005","7957.3600003719329","19.0000000000","11.0000000000","8.0000000000","5.0000000000","","","1.0000000000","11.0000000000","3.0000000000","4.0000000000","419.1231517137","5.0000000000","","","7972.0000000000","2796f658-43aa-46b6-bbed-0b2d5793cda8","28405012-6960-46d6-9664-4d4f08217ee7"
"Lloyd Meek","17","Hybrid","166205954","2025-08-01T00:00:00Z","21","14235.02784","541.62000000000001","7","1365.35435","6.95288","107.3348032965806040","84.3197575000000000","137","160","0","5196.56995","7957.3600003719329","17.0000000000","7.0000000000","10.0000000000","3.0000000000","5.0000000000","10.0000000000","2.0000000000","18.0000000000","1.0000000000","2.0000000000","181.7114754104","5.0000000000","","","7972.0000000000","2796f658-43aa-46b6-bbed-0b2d5793cda8","78eb8442-e99a-445f-8154-59b764e0c73a"
"Nick Watson","05","Hybrid","166205954","2025-08-01T00:00:00Z","21","13282.76026","983.35","31","1338.08271","9.24471","100.1545255666137060","63.4216200000000000","123","155","0","4460.14001","7957.3600003719329","13.0000000000","5.0000000000","8.0000000000","","2.0000000000","1.0000000000","1.0000000000","9.0000000000","","2.0000000000","173.8396341373","5.0000000000","","","7972.0000000000","2796f658-43aa-46b6-bbed-0b2d5793cda8","d15ed9ce-f683-4f0e-b12f-c87e4029f11e"
"Massimo D'Ambrosio","16","Hybrid","166205954","2025-08-01T00:00:00Z","21","13731.10742","1705.65002","42","1358.40955","7.75055","103.5351479839408860","80.7177600000000000","159","196","0","4716.99011","7957.3600003719329","25.0000000000","12.0000000000","13.0000000000","4.0000000000","1.0000000000","5.0000000000","1.0000000000","12.0000000000","3.0000000000","","385.8441414973","4.0000000000","1.0000000000","2.0000000000","7972.0000000000","2796f658-43aa-46b6-bbed-0b2d5793cda8","dc9a9fa6-3f4c-464e-ae3c-ce8c25ab08d1"
"Josh Ward","25","Hybrid","166205954","2025-08-01T00:00:00Z","21","13351.10302","1779.48997999999995","39","1255.75518","7.92709","100.6698429080194380","99.7306250000000000","162","165","0","4647.64997","7957.3600003719329","10.0000000000","7.0000000000","3.0000000000","","2.0000000000","6.0000000000","1.0000000000","18.0000000000","4.0000000000","","176.7291435937","4.0000000000","","","7972.0000000000","2796f658-43aa-46b6-bbed-0b2d5793cda8","2794f857-7792-4f4b-b5fc-204ce195a191"
"Harry Morrison","01","Back","166205954","2025-08-01T00:00:00Z","21","15691.07934","1755.77999999999996","45","1489.22990","8.12527","118.3137071033603160","152.5385925000000000","183","174","0","5746.80005","7957.3600003719329","4.0000000000","3.0000000000","1.0000000000","2.0000000000","","","","3.0000000000","","1.0000000000","110.3771601665","","","","7972.0000000000","2796f658-43aa-46b6-bbed-0b2d5793cda8","28405012-6960-46d6-9664-4d4f08217ee7"
"Calsher Dear","13","Hybrid","166205954","2025-08-01T00:00:00Z","21","7611.69360","703.79000000000004","21","679.49828","8.40542","77.4553646966645460","0.00000000000000000000","0","83","0","2639.56995","5896.3200004100799","15.0000000000","3.0000000000","12.0000000000","1.0000000000","5.0000000000","1.0000000000","","17.0000000000","1.0000000000","","103.7029582312","2.0000000000","1.0000000000","","7972.0000000000","2796f658-43aa-46b6-bbed-0b2d5793cda8","8abef924-5203-4e6c-967d-b809d768e3b4"
"Conor Nash","11","Back","166205954","2025-08-01T00:00:00Z","21","14353.39014","1327.41999999999997","33","1230.48079","7.87212","108.2272774336899060","39.4055500000000000","152","183","0","5050.62005","7957.3600003719329","17.0000000000","7.0000000000","10.0000000000","1.0000000000","5.0000000000","2.0000000000","1.0000000000","17.0000000000","3.0000000000","1.0000000000","323.2738663318","3.0000000000","1.0000000000","","7972.0000000000","2796f658-43aa-46b6-bbed-0b2d5793cda8","ee799c04-c79f-41c9-bd53-176bb21a7077"
"Connor Macdonald","09","Hybrid","166205954","2025-08-01T00:00:00Z","21","12407.08765","1824.90996000000003","43","1253.89706","8.29685","93.5517884028377520","68.7292450000000000","168","148","0","3867.31988","7957.3600003719329","7.0000000000","5.0000000000","2.0000000000","3.0000000000","1.0000000000","","2.0000000000","8.0000000000","","4.0000000000","95.8692931271","1.0000000000","","","7972.0000000000","2796f658-43aa-46b6-bbed-0b2d5793cda8","7381a6b2-b11c-4f42-85df-1b3b97b11693"
"Will Day","12","Hybrid","166205954","2025-08-01T00:00:00Z","21","11405.20435","693.05","16","1204.16443","8.22699","85.9973987563733100","109.6515700000000000","156","164","0","4056.13000","7957.3600003719329","19.0000000000","6.0000000000","13.0000000000","1.0000000000","9.0000000000","7.0000000000","3.0000000000","20.0000000000","2.0000000000","3.0000000000","119.9196320894","1.0000000000","1.0000000000","","7972.0000000000","2796f658-43aa-46b6-bbed-0b2d5793cda8","09911943-d336-480e-bc5a-6f526913bbfb"
"Josh Battle","24","Hybrid","166205954","2025-08-01T00:00:00Z","21","15882.01806","1774.76998999999996","53","1511.13318","8.50482","119.7534211793182380","72.0282050000000000","191","201","0","4988.24006","7957.3600003719329","20.0000000000","18.0000000000","2.0000000000","5.0000000000","3.0000000000","","3.0000000000","7.0000000000","","9.0000000000","515.5015981037","6.0000000000","","","7972.0000000000","2796f658-43aa-46b6-bbed-0b2d5793cda8","d906015c-707c-4176-b45b-c0b21e435310"
"Jai Newcombe","03","Hybrid","166205954","2025-08-01T00:00:00Z","21","14609.64234","839.06998000000004","19","1576.75558","7.6713","110.1594675066891600","75.9408450000000000","158","190","0","5280.77026","7957.3600003719329","13.0000000000","9.0000000000","4.0000000000","1.0000000000","9.0000000000","2.0000000000","","29.0000000000","3.0000000000","1.0000000000","289.3896602052","2.0000000000","","","7972.0000000000","2796f658-43aa-46b6-bbed-0b2d5793cda8","a5e3bb3d-7e57-4dff-9d50-d405f3e1a584"
"Jack Ginnivan","33","Hybrid","166205954","2025-08-01T00:00:00Z","21","13963.90698","1575.49000","47","1379.87329","7.90098","105.2905007139100140","118.5940700000000000","134","189","0","4324.63006","7957.3600003719329","20.0000000000","11.0000000000","9.0000000000","3.0000000000","1.0000000000","1.0000000000","3.0000000000","20.0000000000","4.0000000000","","315.3719960684","1.0000000000","2.0000000000","1.0000000000","7972.0000000000","2796f658-43aa-46b6-bbed-0b2d5793cda8","020880cf-4cc3-45b8-ade5-ced73183435f"
"Jack Gunston","19","Forward","166205954","2025-08-01T00:00:00Z","21","13165.49853","821.06000000000002","23","1279.20578","7.8377","99.2703499355411940","74.8202825000000000","135","146","0","4737.98004","7957.3600003719329","9.0000000000","4.0000000000","5.0000000000","2.0000000000","","","","9.0000000000","2.0000000000","","108.7351971527","1.0000000000","","1.0000000000","7972.0000000000","2796f658-43aa-46b6-bbed-0b2d5793cda8","0325dfcd-afd9-4feb-9006-dd13f41ca9e6"
"Jack Scrimshaw","14","Hybrid","166205954","2025-08-01T00:00:00Z","21","12243.02734","1027.00000000000002","25","1086.37184","7.75366","92.3147426238934920","84.5051025000000000","98","151","0","4454.06995","7957.3600003719329","15.0000000000","12.0000000000","3.0000000000","1.0000000000","2.0000000000","4.0000000000","","18.0000000000","5.0000000000","2.0000000000","306.3757584778","4.0000000000","1.0000000000","","7972.0000000000","2796f658-43aa-46b6-bbed-0b2d5793cda8","131ea882-7562-4a3d-a0e0-ddd0ca763ee2"
"Josh Ward","25","Hybrid","166205954","2025-08-01T00:00:00Z","21","13351.10302","1779.48997999999995","39","1255.75518","7.92709","100.6698429080194380","99.7306250000000000","162","165","0","4647.64997","7957.3600003719329","15.0000000000","10.0000000000","5.0000000000","2.0000000000","2.0000000000","2.0000000000","","9.0000000000","6.0000000000","1.0000000000","430.5418388989","5.0000000000","","","7972.0000000000","2796f658-43aa-46b6-bbed-0b2d5793cda8","2794f857-7792-4f4b-b5fc-204ce195a191"
"Blake Hardwick","15","Back","166205954","2025-08-01T00:00:00Z","21","14795.09692","1370.35999999999997","39","1395.47141","8.41347","111.5578301294032140","56.9496100000000000","171","182","0","4979.81994","7957.3600003719329","1.0000000000","","1.0000000000","","","","","4.0000000000","","","4.7324589135","","","","7972.0000000000","2796f658-43aa-46b6-bbed-0b2d5793cda8","2ca83ae0-85a1-479e-bef1-d06af29b9200"
"Jai Newcombe","03","Hybrid","166205954","2025-08-01T00:00:00Z","21","14609.64234","839.06998000000004","19","1576.75558","7.6713","110.1594675066891600","75.9408450000000000","158","190","0","5280.77026","7957.3600003719329","19.0000000000","7.0000000000","12.0000000000","3.0000000000","6.0000000000","9.0000000000","","18.0000000000","4.0000000000","","207.3495571840","2.0000000000","","","7972.0000000000","2796f658-43aa-46b6-bbed-0b2d5793cda8","a5e3bb3d-7e57-4dff-9d50-d405f3e1a584"
"James Sicily","06","Back","166205954","2025-08-01T00:00:00Z","21","14900.27491","1544.27998999999995","39","1368.75495","7.86493","112.3508920745338920","96.6088975000000000","122","160","0","4797.68006","7957.3600003719329","20.0000000000","16.0000000000","4.0000000000","6.0000000000","5.0000000000","6.0000000000","2.0000000000","27.0000000000","7.0000000000","3.0000000000","499.5022440131","5.0000000000","","","7972.0000000000","2796f658-43aa-46b6-bbed-0b2d5793cda8","29708cec-1d8a-451d-a7da-18fca9557adc"
"Karl Amon","10","Hybrid","166219857","2025-08-07T00:00:00Z","22","13509.39282","1824.64000000000007","34","1280.30943","7.81362","109.3818915599221620","69.1677000000000000","117","136","0","4768.66992","7410.3999998569489","27.0000000000","15.0000000000","12.0000000000","4.0000000000","","5.0000000000","1.0000000000","12.0000000000","2.0000000000","2.0000000000","309.5729166619","2.0000000000","","","7443.0000000000","253652d9-8402-446d-ae22-8afa767923ff","036695b3-12e6-43fb-a153-0dea34fd7c41"
"Jack Gunston","19","Forward","166219857","2025-08-07T00:00:00Z","22","12556.67603","1057.49000000000000","30","1228.25617","7.72263","101.6680019721666480","106.1514225000000000","173","144","0","4683.61004","7410.3999998569489","11.0000000000","8.0000000000","3.0000000000","5.0000000000","2.0000000000","","","10.0000000000","3.0000000000","","215.0029484590","1.0000000000","4.0000000000","","7443.0000000000","253652d9-8402-446d-ae22-8afa767923ff","0325dfcd-afd9-4feb-9006-dd13f41ca9e6"
"James Sicily","06","Back","166219857","2025-08-07T00:00:00Z","22","12720.15284","1686.50001","41","1145.22638","8.32283","102.9916293877163280","105.1809750000000000","164","132","0","4224.19007","7410.3999998569489","18.0000000000","7.0000000000","11.0000000000","5.0000000000","4.0000000000","2.0000000000","2.0000000000","22.0000000000","3.0000000000","1.0000000000","141.1992320512","","","","7443.0000000000","253652d9-8402-446d-ae22-8afa767923ff","29708cec-1d8a-451d-a7da-18fca9557adc"
"Nick Watson","05","Hybrid","166219857","2025-08-07T00:00:00Z","22","11940.69702","1275.45000000000000","32","1222.58855","8.64355","96.6805869067567560","117.4438275000000000","197","108","0","4423.96009","7410.3999998569489","6.0000000000","4.0000000000","2.0000000000","2.0000000000","","","","11.0000000000","","","115.5457371916","2.0000000000","","3.0000000000","7443.0000000000","253652d9-8402-446d-ae22-8afa767923ff","d15ed9ce-f683-4f0e-b12f-c87e4029f11e"
"Josh Ward","25","Hybrid","166219857","2025-08-07T00:00:00Z","22","13769.32763","1683.81001000000001","40","1283.79829","8.15236","111.4865132537984820","92.8080825000000000","147","180","0","5103.92993","7410.3999998569489","22.0000000000","11.0000000000","11.0000000000","2.0000000000","3.0000000000","3.0000000000","","21.0000000000","7.0000000000","","452.3049716518","8.0000000000","","","7443.0000000000","253652d9-8402-446d-ae22-8afa767923ff","2794f857-7792-4f4b-b5fc-204ce195a191"
"Jarman Impey","04","Midfielder","166219857","2025-08-07T00:00:00Z","22","12684.76953","1723.50000999999996","44","1303.68924","8.44923","102.7051403182948380","106.6673225000000000","179","137","0","4112.66003","7410.3999998569489","25.0000000000","18.0000000000","7.0000000000","8.0000000000","2.0000000000","2.0000000000","2.0000000000","12.0000000000","5.0000000000","1.0000000000","493.8028513502","1.0000000000","","","7443.0000000000","253652d9-8402-446d-ae22-8afa767923ff","48b7449c-7b00-4728-8dcf-81959514acff"
"Karl Amon","10","Hybrid","166219857","2025-08-07T00:00:00Z","22","13509.39282","1824.64000000000007","34","1280.30943","7.81362","109.3818915599221620","69.1677000000000000","117","136","0","4768.66992","7410.3999998569489","27.0000000000","15.0000000000","12.0000000000","8.0000000000","1.0000000000","1.0000000000","1.0000000000","15.0000000000","1.0000000000","4.0000000000","352.2499287361","1.0000000000","","","7443.0000000000","253652d9-8402-446d-ae22-8afa767923ff","036695b3-12e6-43fb-a153-0dea34fd7c41"
"Conor Nash","11","Back","166219857","2025-08-07T00:00:00Z","22","13098.31421","1061.57","27","1143.57420","7.90368","106.0534994892544380","101.8460100000000000","112","171","0","5096.76997","7410.3999998569489","15.0000000000","9.0000000000","6.0000000000","5.0000000000","1.0000000000","","1.0000000000","11.0000000000","3.0000000000","1.0000000000","349.0957964680","4.0000000000","","1.0000000000","7443.0000000000","253652d9-8402-446d-ae22-8afa767923ff","ee799c04-c79f-41c9-bd53-176bb21a7077"
"James Sicily","06","Back","166219857","2025-08-07T00:00:00Z","22","12720.15284","1686.50001","41","1145.22638","8.32283","102.9916293877163280","105.1809750000000000","164","132","0","4224.19007","7410.3999998569489","26.0000000000","18.0000000000","8.0000000000","9.0000000000","2.0000000000","","","7.0000000000","2.0000000000","5.0000000000","434.0336850651","5.0000000000","","","7443.0000000000","253652d9-8402-446d-ae22-8afa767923ff","29708cec-1d8a-451d-a7da-18fca9557adc"
"Tom Barrass","37","Hybrid","166219857","2025-08-07T00:00:00Z","22","12155.40845","749.63000000000002","21","1035.96446","7.91458","98.4190471518513120","77.6303450000000000","104","101","0","4121.35999","7410.3999998569489","8.0000000000","6.0000000000","2.0000000000","4.0000000000","","","1.0000000000","1.0000000000","","3.0000000000","127.8760741208","","","","7443.0000000000","253652d9-8402-446d-ae22-8afa767923ff","6c56e5bd-2cd0-47f8-993f-dcc1d1ebce45"
"Jack Scrimshaw","14","Hybrid","166219857","2025-08-07T00:00:00Z","22","11726.13452","600.59999999999998","15","1038.96701","8.0852","94.9433325075005040","86.5699100000000000","120","121","0","4444.78003","7410.3999998569489","16.0000000000","5.0000000000","11.0000000000","6.0000000000","2.0000000000","3.0000000000","1.0000000000","8.0000000000","1.0000000000","","77.0082161529","2.0000000000","","","7443.0000000000","253652d9-8402-446d-ae22-8afa767923ff","131ea882-7562-4a3d-a0e0-ddd0ca763ee2"
"Lloyd Meek","17","Hybrid","166219857","2025-08-07T00:00:00Z","22","12443.99586","528.73000000000003","8","1269.06753","7.39867","100.7556611808287280","75.0503875000000000","162","137","0","4894.66003","7410.3999998569489","9.0000000000","4.0000000000","5.0000000000","3.0000000000","1.0000000000","","","3.0000000000","","","84.4031627726","2.0000000000","","","7443.0000000000","253652d9-8402-446d-ae22-8afa767923ff","78eb8442-e99a-445f-8154-59b764e0c73a"
"Jarman Impey","04","Midfielder","166219857","2025-08-07T00:00:00Z","22","12684.76953","1723.50000999999996","44","1303.68924","8.44923","102.7051403182948380","106.6673225000000000","179","137","0","4112.66003","7410.3999998569489","18.0000000000","12.0000000000","6.0000000000","3.0000000000","3.0000000000","","1.0000000000","9.0000000000","2.0000000000","8.0000000000","414.7560689341","1.0000000000","","","7443.0000000000","253652d9-8402-446d-ae22-8afa767923ff","48b7449c-7b00-4728-8dcf-81959514acff"
"Blake Hardwick","15","Back","166219857","2025-08-07T00:00:00Z","22","12693.24855","1252.06001999999998","31","1188.02749","8.63352","102.7737926447562780","103.4594975000000000","167","164","0","4119.01001","7410.3999998569489","11.0000000000","7.0000000000","4.0000000000","2.0000000000","1.0000000000","","2.0000000000","9.0000000000","","5.0000000000","122.5924038229","1.0000000000","","","7443.0000000000","253652d9-8402-446d-ae22-8afa767923ff","2ca83ae0-85a1-479e-bef1-d06af29b9200"
"Mabior Chol","18","Hybrid","166219857","2025-08-07T00:00:00Z","22","10234.42114","771.54000000000001","16","860.55189","8.52295","82.8653336408094000","108.4910825000000000","158","124","0","3609.95007","7410.3999998569489","14.0000000000","10.0000000000","4.0000000000","5.0000000000","3.0000000000","2.0000000000","1.0000000000","11.0000000000","1.0000000000","","220.2146898860","3.0000000000","3.0000000000","2.0000000000","7443.0000000000","253652d9-8402-446d-ae22-8afa767923ff","236a3ba1-a655-45e2-bcd2-6ad50b7c42fd"
"Mitch Lewis","02","Back","166219857","2025-08-07T00:00:00Z","22","12585.11792","1472.52001000000006","37","1040.58883","8.11543","101.8982882455166580","85.6627750000000000","149","137","0","4284.41003","7410.3999998569489","15.0000000000","5.0000000000","10.0000000000","1.0000000000","1.0000000000","4.0000000000","","9.0000000000","2.0000000000","","205.9676481272","2.0000000000","1.0000000000","1.0000000000","7443.0000000000","253652d9-8402-446d-ae22-8afa767923ff","35159eb5-300f-48c1-b664-b6b12ef66fda"
"Connor Macdonald","09","Hybrid","166219857","2025-08-07T00:00:00Z","22","13499.91968","2287.75000999999997","52","1338.87933","8.18141","109.3051901133051180","81.4742850000000000","129","167","0","4309.27997","7410.3999998569489","22.0000000000","13.0000000000","9.0000000000","1.0000000000","","1.0000000000","1.0000000000","14.0000000000","3.0000000000","6.0000000000","394.8277123428","4.0000000000","","1.0000000000","7443.0000000000","253652d9-8402-446d-ae22-8afa767923ff","7381a6b2-b11c-4f42-85df-1b3b97b11693"
"Jack Scrimshaw","14","Hybrid","166219857","2025-08-07T00:00:00Z","22","11726.13452","600.59999999999998","15","1038.96701","8.0852","94.9433325075005040","86.5699100000000000","120","121","0","4444.78003","7410.3999998569489","15.0000000000","8.0000000000","7.0000000000","6.0000000000","1.0000000000","","","13.0000000000","","3.0000000000","200.4402006834","1.0000000000","","","7443.0000000000","253652d9-8402-446d-ae22-8afa767923ff","131ea882-7562-4a3d-a0e0-ddd0ca763ee2"
"Josh Battle","24","Hybrid","166219857","2025-08-07T00:00:00Z","22","14335.12867","1765.35004000000004","50","1363.74857","7.94907","116.0676508982785800","88.2792000000000000","156","173","0","4431.02002","7410.3999998569489","26.0000000000","19.0000000000","7.0000000000","7.0000000000","","","1.0000000000","5.0000000000","","1.0000000000","463.6090316758","5.0000000000","","1.0000000000","7443.0000000000","253652d9-8402-446d-ae22-8afa767923ff","d906015c-707c-4176-b45b-c0b21e435310"
"Connor Macdonald","09","Hybrid","166219857","2025-08-07T00:00:00Z","22","13499.91968","2287.75000999999997","52","1338.87933","8.18141","109.3051901133051180","81.4742850000000000","129","167","0","4309.27997","7410.3999998569489","12.0000000000","6.0000000000","6.0000000000","2.0000000000","3.0000000000","1.0000000000","","15.0000000000","1.0000000000","1.0000000000","137.5762562549","2.0000000000","","","7443.0000000000","253652d9-8402-446d-ae22-8afa767923ff","7381a6b2-b11c-4f42-85df-1b3b97b11693"
"Dylan Moore","08","Midfielder","166219857","2025-08-07T00:00:00Z","22","14299.47217","2280.32998000000014","55","1456.72978","8.17947","115.7789498834829840","101.6135600000000000","173","188","0","5121.78003","7410.3999998569489","12.0000000000","8.0000000000","4.0000000000","5.0000000000","5.0000000000","","1.0000000000","16.0000000000","2.0000000000","","169.3931784867","1.0000000000","1.0000000000","","7443.0000000000","253652d9-8402-446d-ae22-8afa767923ff","8b0242f4-3a3b-4651-949f-17da0062afba"
"Mitch Lewis","02","Back","166219857","2025-08-07T00:00:00Z","22","12585.11792","1472.52001000000006","37","1040.58883","8.11543","101.8982882455166580","85.6627750000000000","149","137","0","4284.41003","7410.3999998569489","11.0000000000","8.0000000000","3.0000000000","6.0000000000","4.0000000000","","2.0000000000","12.0000000000","5.0000000000","1.0000000000","316.1687826911","3.0000000000","1.0000000000","","7443.0000000000","253652d9-8402-446d-ae22-8afa767923ff","35159eb5-300f-48c1-b664-b6b12ef66fda"
"Lloyd Meek","17","Hybrid","166219857","2025-08-07T00:00:00Z","22","12443.99586","528.73000000000003","8","1269.06753","7.39867","100.7556611808287280","75.0503875000000000","162","137","0","4894.66003","7410.3999998569489","10.0000000000","7.0000000000","3.0000000000","7.0000000000","4.0000000000","3.0000000000","1.0000000000","15.0000000000","2.0000000000","1.0000000000","132.9096191902","1.0000000000","3.0000000000","","7443.0000000000","253652d9-8402-446d-ae22-8afa767923ff","78eb8442-e99a-445f-8154-59b764e0c73a"
"Nick Watson","05","Hybrid","166219857","2025-08-07T00:00:00Z","22","11940.69702","1275.45000000000000","32","1222.58855","8.64355","96.6805869067567560","117.4438275000000000","197","108","0","4423.96009","7410.3999998569489","21.0000000000","13.0000000000","8.0000000000","1.0000000000","1.0000000000","2.0000000000","1.0000000000","21.0000000000","5.0000000000","1.0000000000","282.8552716356","6.0000000000","1.0000000000","","7443.0000000000","253652d9-8402-446d-ae22-8afa767923ff","d15ed9ce-f683-4f0e-b12f-c87e4029f11e"
"Massimo D'Ambrosio","16","Hybrid","166219857","2025-08-07T00:00:00Z","22","13062.02221","1801.85002","52","1287.09994","7.7161","105.7596530032291140","73.2764400000000000","164","151","0","4471.44007","7410.3999998569489","24.0000000000","13.0000000000","11.0000000000","7.0000000000","1.0000000000","1.0000000000","1.0000000000","7.0000000000","2.0000000000","2.0000000000","288.8691019434","5.0000000000","","","7443.0000000000","253652d9-8402-446d-ae22-8afa767923ff","dc9a9fa6-3f4c-464e-ae3c-ce8c25ab08d1"
"Calsher Dear","13","Hybrid","166219857","2025-08-07T00:00:00Z","22","8556.15918","693.50001","19","789.00890","7.69092","88.6827823250580780","0.00000000000000000000","0","109","0","2911.09003","5788.8299999237061","25.0000000000","12.0000000000","13.0000000000","6.0000000000","2.0000000000","2.0000000000","","9.0000000000","2.0000000000","2.0000000000","258.8538123770","2.0000000000","1.0000000000","","7443.0000000000","253652d9-8402-446d-ae22-8afa767923ff","8abef924-5203-4e6c-967d-b809d768e3b4"
"Conor Nash","11","Back","166219857","2025-08-07T00:00:00Z","22","13098.31421","1061.57","27","1143.57420","7.90368","106.0534994892544380","101.8460100000000000","112","171","0","5096.76997","7410.3999998569489","23.0000000000","12.0000000000","11.0000000000","5.0000000000","3.0000000000","5.0000000000","1.0000000000","16.0000000000","3.0000000000","3.0000000000","353.7190264755","3.0000000000","","","7443.0000000000","253652d9-8402-446d-ae22-8afa767923ff","ee799c04-c79f-41c9-bd53-176bb21a7077"
"Jai Newcombe","03","Hybrid","166219857","2025-08-07T00:00:00Z","22","11735.07203","997.90000000000003","26","1255.49397","8.09479","95.0156971032052380","81.0628975000000000","166","140","0","4228.65991","7410.3999998569489","10.0000000000","6.0000000000","4.0000000000","4.0000000000","3.0000000000","1.0000000000","","13.0000000000","2.0000000000","3.0000000000","313.0971971805","3.0000000000","","","7443.0000000000","253652d9-8402-446d-ae22-8afa767923ff","a5e3bb3d-7e57-4dff-9d50-d405f3e1a584"
"Jack Ginnivan","33","Hybrid","166219857","2025-08-07T00:00:00Z","22","13415.29956","1895.17998999999994","46","1393.51483","7.81211","108.6200439403457580","69.2453350000000000","133","169","0","4405.53992","7410.3999998569489","26.0000000000","13.0000000000","13.0000000000","4.0000000000","1.0000000000","4.0000000000","","10.0000000000","3.0000000000","1.0000000000","311.1104086264","7.0000000000","","","7443.0000000000","253652d9-8402-446d-ae22-8afa767923ff","020880cf-4cc3-45b8-ade5-ced73183435f"
"Josh Ward","25","Hybrid","166219857","2025-08-07T00:00:00Z","22","13769.32763","1683.81001000000001","40","1283.79829","8.15236","111.4865132537984820","92.8080825000000000","147","180","0","5103.92993","7410.3999998569489","21.0000000000","14.0000000000","7.0000000000","6.0000000000","3.0000000000","2.0000000000","","18.0000000000","4.0000000000","","383.6982083224","2.0000000000","","","7443.0000000000","253652d9-8402-446d-ae22-8afa767923ff","2794f857-7792-4f4b-b5fc-204ce195a191"
"Jai Newcombe","03","Hybrid","166219857","2025-08-07T00:00:00Z","22","11735.07203","997.90000000000003","26","1255.49397","8.09479","95.0156971032052380","81.0628975000000000","166","140","0","4228.65991","7410.3999998569489","28.0000000000","10.0000000000","18.0000000000","5.0000000000","2.0000000000","7.0000000000","1.0000000000","13.0000000000","4.0000000000","1.0000000000","226.2261010929","2.0000000000","1.0000000000","","7443.0000000000","253652d9-8402-446d-ae22-8afa767923ff","a5e3bb3d-7e57-4dff-9d50-d405f3e1a584"
"Mabior Chol","18","Hybrid","166236240","2025-08-16T00:00:00Z","23","11338.77783","1056.49001000000001","27","901.30217","8.39141","94.0484406903109920","82.2524200000000000","160","130","0","3696.93994","7233.7900002002717","5.0000000000","4.0000000000","1.0000000000","1.0000000000","","","1.0000000000","","2.0000000000","","160.4670841224","3.0000000000","","","7344.0000000000","869c85ee-8871-4402-be74-2ce39a46856d","236a3ba1-a655-45e2-bcd2-6ad50b7c42fd"
"Conor Nash","11","Back","166236240","2025-08-16T00:00:00Z","23","11905.59717","1023.53001","21","1018.09098","7.62508","98.7498711160018740","40.1632050000000000","142","143","0","4488.29993","7233.7900002002717","27.0000000000","17.0000000000","10.0000000000","6.0000000000","2.0000000000","5.0000000000","2.0000000000","10.0000000000","4.0000000000","2.0000000000","365.8278571510","5.0000000000","","1.0000000000","7344.0000000000","869c85ee-8871-4402-be74-2ce39a46856d","ee799c04-c79f-41c9-bd53-176bb21a7077"
"Jack Gunston","19","Forward","166236240","2025-08-16T00:00:00Z","23","10468.87500","610.10000000000000","18","973.30209","7.63209","86.8331123771369880","87.5070125000000000","147","134","0","3348.57001","7233.7900002002717","14.0000000000","13.0000000000","1.0000000000","10.0000000000","2.0000000000","","1.0000000000","11.0000000000","1.0000000000","","393.6708880259","","7.0000000000","4.0000000000","7344.0000000000","869c85ee-8871-4402-be74-2ce39a46856d","0325dfcd-afd9-4feb-9006-dd13f41ca9e6"
"Josh Ward","25","Hybrid","166236240","2025-08-16T00:00:00Z","23","13966.46118","1294.05999","29","1335.01535","7.67102","115.8435164383815180","98.3364800000000000","140","196","0","5128.23010","7233.7900002002717","6.0000000000","2.0000000000","4.0000000000","2.0000000000","","","","5.0000000000","","1.0000000000","-0.4764554972","2.0000000000","","","7344.0000000000","869c85ee-8871-4402-be74-2ce39a46856d","2794f857-7792-4f4b-b5fc-204ce195a191"
"Jarman Impey","04","Midfielder","166236240","2025-08-16T00:00:00Z","23","12552.17309","1571.95999999999994","38","1329.43595","8.82091","104.1128350946252460","121.3414825000000000","182","152","0","4346.97992","7233.7900002002717","29.0000000000","20.0000000000","9.0000000000","6.0000000000","5.0000000000","","3.0000000000","14.0000000000","2.0000000000","5.0000000000","362.7311047315","6.0000000000","","","7344.0000000000","869c85ee-8871-4402-be74-2ce39a46856d","48b7449c-7b00-4728-8dcf-81959514acff"
"Jai Newcombe","03","Hybrid","166236240","2025-08-16T00:00:00Z","23","12165.63476","1047.02997999999994","24","1278.87258","7.84526","100.9067287797670680","102.5858650000000000","175","154","0","4681.08002","7233.7900002002717","30.0000000000","18.0000000000","12.0000000000","5.0000000000","4.0000000000","","","12.0000000000","3.0000000000","5.0000000000","394.4956398544","5.0000000000","","","7344.0000000000","869c85ee-8871-4402-be74-2ce39a46856d","a5e3bb3d-7e57-4dff-9d50-d405f3e1a584"
"Karl Amon","10","Hybrid","166236240","2025-08-16T00:00:00Z","23","13765.97633","1509.71999","34","1307.26950","8.04058","114.1806134511967920","75.4690075000000000","137","157","0","4907.09998","7233.7900002002717","24.0000000000","17.0000000000","7.0000000000","8.0000000000","2.0000000000","","","11.0000000000","4.0000000000","8.0000000000","683.9577558525","5.0000000000","","","7344.0000000000","869c85ee-8871-4402-be74-2ce39a46856d","036695b3-12e6-43fb-a153-0dea34fd7c41"
"James Sicily","06","Back","166236240","2025-08-16T00:00:00Z","23","12157.67725","1272.63999","36","1120.00854","8.52398","100.8407259513760380","94.6162475000000000","167","142","0","4272.79993","7233.7900002002717","22.0000000000","15.0000000000","7.0000000000","7.0000000000","1.0000000000","1.0000000000","1.0000000000","7.0000000000","2.0000000000","7.0000000000","347.7792866049","6.0000000000","","","7344.0000000000","869c85ee-8871-4402-be74-2ce39a46856d","29708cec-1d8a-451d-a7da-18fca9557adc"
"Nick Watson","05","Hybrid","166236240","2025-08-16T00:00:00Z","23","6746.15948","850.75000999999999","26","644.52861","8.14351","76.0697776152436500","84.2055233333333333","164","72","0","2380.64007","5321.0300002098084","28.0000000000","14.0000000000","14.0000000000","2.0000000000","2.0000000000","8.0000000000","","13.0000000000","3.0000000000","","365.1847038213","5.0000000000","","1.0000000000","7344.0000000000","869c85ee-8871-4402-be74-2ce39a46856d","d15ed9ce-f683-4f0e-b12f-c87e4029f11e"
"Blake Hardwick","15","Back","166236240","2025-08-16T00:00:00Z","23","13839.86058","1076.10999999999998","33","1312.12255","7.74349","114.7934395077836280","120.4931050000000000","173","195","0","4649.60003","7233.7900002002717","22.0000000000","10.0000000000","12.0000000000","3.0000000000","1.0000000000","1.0000000000","","20.0000000000","3.0000000000","2.0000000000","388.4886416288","10.0000000000","","","7344.0000000000","869c85ee-8871-4402-be74-2ce39a46856d","2ca83ae0-85a1-479e-bef1-d06af29b9200"
"Tom Barrass","37","Hybrid","166236240","2025-08-16T00:00:00Z","23","12167.79858","596.14999999999997","16","1017.76983","7.95339","100.9246763839961700","86.8276775000000000","164","118","0","4218.38007","7233.7900002002717","11.0000000000","5.0000000000","6.0000000000","1.0000000000","1.0000000000","","","3.0000000000","","2.0000000000","77.5062921760","2.0000000000","","","7344.0000000000","869c85ee-8871-4402-be74-2ce39a46856d","6c56e5bd-2cd0-47f8-993f-dcc1d1ebce45"
"Blake Hardwick","15","Back","166236240","2025-08-16T00:00:00Z","23","13839.86058","1076.10999999999998","33","1312.12255","7.74349","114.7934395077836280","120.4931050000000000","173","195","0","4649.60003","7233.7900002002717","19.0000000000","14.0000000000","5.0000000000","4.0000000000","1.0000000000","1.0000000000","","12.0000000000","3.0000000000","5.0000000000","316.9587292382","5.0000000000","","","7344.0000000000","869c85ee-8871-4402-be74-2ce39a46856d","2ca83ae0-85a1-479e-bef1-d06af29b9200"
"Mabior Chol","18","Hybrid","166236240","2025-08-16T00:00:00Z","23","11338.77783","1056.49001000000001","27","901.30217","8.39141","94.0484406903109920","82.2524200000000000","160","130","0","3696.93994","7233.7900002002717","8.0000000000","5.0000000000","3.0000000000","3.0000000000","","3.0000000000","1.0000000000","11.0000000000","","","47.9860556307","","","2.0000000000","7344.0000000000","869c85ee-8871-4402-be74-2ce39a46856d","236a3ba1-a655-45e2-bcd2-6ad50b7c42fd"
"Calsher Dear","13","Hybrid","166236240","2025-08-16T00:00:00Z","23","10688.34107","985.05998000000003","29","984.33691","7.71938","88.6534533325193580","0.00000000000000000000","0","167","0","3506.06006","7233.7900002002717","28.0000000000","18.0000000000","10.0000000000","3.0000000000","4.0000000000","8.0000000000","2.0000000000","18.0000000000","6.0000000000","1.0000000000","408.1073453059","8.0000000000","1.0000000000","","7344.0000000000","869c85ee-8871-4402-be74-2ce39a46856d","8abef924-5203-4e6c-967d-b809d768e3b4"
"Jack Scrimshaw","14","Hybrid","166236240","2025-08-16T00:00:00Z","23","12674.27173","808.44000000000002","22","1100.79261","8.40104","105.1255709356984800","56.2810700000000000","114","143","0","4934.13000","7233.7900002002717","17.0000000000","9.0000000000","8.0000000000","5.0000000000","3.0000000000","","","10.0000000000","2.0000000000","2.0000000000","254.9246115179","3.0000000000","","","7344.0000000000","869c85ee-8871-4402-be74-2ce39a46856d","131ea882-7562-4a3d-a0e0-ddd0ca763ee2"
"Josh Battle","24","Hybrid","166236240","2025-08-16T00:00:00Z","23","14703.53247","1415.26001000000002","42","1440.99533","8.2891","121.9570858672390860","88.0679350000000000","174","170","0","5153.29004","7233.7900002002717","17.0000000000","10.0000000000","7.0000000000","5.0000000000","2.0000000000","","","8.0000000000","3.0000000000","3.0000000000","286.0723033615","5.0000000000","","","7344.0000000000","869c85ee-8871-4402-be74-2ce39a46856d","d906015c-707c-4176-b45b-c0b21e435310"
"Connor Macdonald","09","Hybrid","166236240","2025-08-16T00:00:00Z","23","14264.56568","1542.97998","35","1444.14591","8.41497","118.3161165552642000","90.0424775000000000","163","188","0","4918.43994","7233.7900002002717","14.0000000000","6.0000000000","8.0000000000","","3.0000000000","","1.0000000000","15.0000000000","4.0000000000","1.0000000000","252.0347583667","","","1.0000000000","7344.0000000000","869c85ee-8871-4402-be74-2ce39a46856d","7381a6b2-b11c-4f42-85df-1b3b97b11693"
"Mitch Lewis","02","Back","166236240","2025-08-16T00:00:00Z","23","11868.56079","1337.78999000000001","33","954.67901","8.76575","98.4426762983560080","53.9989325000000000","119","159","0","3936.99005","7233.7900002002717","10.0000000000","6.0000000000","4.0000000000","4.0000000000","2.0000000000","","1.0000000000","8.0000000000","3.0000000000","","137.2802986686","3.0000000000","","","7344.0000000000","869c85ee-8871-4402-be74-2ce39a46856d","35159eb5-300f-48c1-b664-b6b12ef66fda"
"Lloyd Meek","17","Hybrid","166236240","2025-08-16T00:00:00Z","23","12232.55641","392.33999999999999","7","1224.19705","6.85768","101.4618041966493480","82.5142950000000000","179","146","0","4543.98999","7233.7900002002717","10.0000000000","5.0000000000","5.0000000000","3.0000000000","2.0000000000","4.0000000000","","15.0000000000","1.0000000000","","103.5189709242","1.0000000000","","","7344.0000000000","869c85ee-8871-4402-be74-2ce39a46856d","78eb8442-e99a-445f-8154-59b764e0c73a"
"Nick Watson","05","Hybrid","166236240","2025-08-16T00:00:00Z","23","6746.15948","850.75000999999999","26","644.52861","8.14351","76.0697776152436500","84.2055233333333333","164","72","0","2380.64007","5321.0300002098084","27.0000000000","12.0000000000","15.0000000000","2.0000000000","4.0000000000","6.0000000000","1.0000000000","23.0000000000","3.0000000000","3.0000000000","350.4388508664","7.0000000000","","","7344.0000000000","869c85ee-8871-4402-be74-2ce39a46856d","d15ed9ce-f683-4f0e-b12f-c87e4029f11e"
"Massimo D'Ambrosio","16","Hybrid","166236240","2025-08-16T00:00:00Z","23","12540.71423","1383.95000000000007","32","1233.70117","7.76372","104.0177906435171880","79.9537200000000000","173","145","0","4684.42994","7233.7900002002717","19.0000000000","11.0000000000","8.0000000000","3.0000000000","2.0000000000","1.0000000000","2.0000000000","11.0000000000","","2.0000000000","399.2108538497","4.0000000000","","1.0000000000","7344.0000000000","869c85ee-8871-4402-be74-2ce39a46856d","dc9a9fa6-3f4c-464e-ae3c-ce8c25ab08d1"
"Tom Barrass","37","Hybrid","166236240","2025-08-16T00:00:00Z","23","12167.79858","596.14999999999997","16","1017.76983","7.95339","100.9246763839961700","86.8276775000000000","164","118","0","4218.38007","7233.7900002002717","15.0000000000","9.0000000000","6.0000000000","1.0000000000","3.0000000000","2.0000000000","","17.0000000000","2.0000000000","1.0000000000","268.8268698183","3.0000000000","1.0000000000","1.0000000000","7344.0000000000","869c85ee-8871-4402-be74-2ce39a46856d","6c56e5bd-2cd0-47f8-993f-dcc1d1ebce45"
"Calsher Dear","13","Hybrid","166236240","2025-08-16T00:00:00Z","23","10688.34107","985.05998000000003","29","984.33691","7.71938","88.6534533325193580","0.00000000000000000000","0","167","0","3506.06006","7233.7900002002717","32.0000000000","16.0000000000","16.0000000000","9.0000000000","1.0000000000","3.0000000000","","17.0000000000","","4.0000000000","293.1577804688","3.0000000000","2.0000000000","","7344.0000000000","869c85ee-8871-4402-be74-2ce39a46856d","8abef924-5203-4e6c-967d-b809d768e3b4"
"Conor Nash","11","Back","166236240","2025-08-16T00:00:00Z","23","11905.59717","1023.53001","21","1018.09098","7.62508","98.7498711160018740","40.1632050000000000","142","143","0","4488.29993","7233.7900002002717","19.0000000000","9.0000000000","10.0000000000","2.0000000000","5.0000000000","4.0000000000","1.0000000000","19.0000000000","1.0000000000","2.0000000000","147.6575656268","4.0000000000","","","7344.0000000000","869c85ee-8871-4402-be74-2ce39a46856d","ee799c04-c79f-41c9-bd53-176bb21a7077"
"Josh Battle","24","Hybrid","166236240","2025-08-16T00:00:00Z","23","14703.53247","1415.26001000000002","42","1440.99533","8.2891","121.9570858672390860","88.0679350000000000","174","170","0","5153.29004","7233.7900002002717","20.0000000000","13.0000000000","7.0000000000","2.0000000000","5.0000000000","1.0000000000","2.0000000000","12.0000000000","4.0000000000","5.0000000000","538.5719693283","5.0000000000","","","7344.0000000000","869c85ee-8871-4402-be74-2ce39a46856d","d906015c-707c-4176-b45b-c0b21e435310"
"Lloyd Meek","17","Hybrid","166236240","2025-08-16T00:00:00Z","23","12232.55641","392.33999999999999","7","1224.19705","6.85768","101.4618041966493480","82.5142950000000000","179","146","0","4543.98999","7233.7900002002717","27.0000000000","13.0000000000","14.0000000000","3.0000000000","6.0000000000","4.0000000000","1.0000000000","17.0000000000","3.0000000000","1.0000000000","186.1954198457","2.0000000000","","","7344.0000000000","869c85ee-8871-4402-be74-2ce39a46856d","78eb8442-e99a-445f-8154-59b764e0c73a"
"Jack Ginnivan","33","Hybrid","166236240","2025-08-16T00:00:00Z","23","12985.87207","1695.83997000000005","39","1337.63864","7.80264","107.7101110453066380","111.1363425000000000","169","199","0","4059.73003","7233.7900002002717","21.0000000000","9.0000000000","12.0000000000","4.0000000000","2.0000000000","3.0000000000","1.0000000000","16.0000000000","3.0000000000","2.0000000000","262.5236142519","5.0000000000","","","7344.0000000000","869c85ee-8871-4402-be74-2ce39a46856d","020880cf-4cc3-45b8-ade5-ced73183435f"
"Josh Ward","25","Hybrid","166236240","2025-08-16T00:00:00Z","23","13966.46118","1294.05999","29","1335.01535","7.67102","115.8435164383815180","98.3364800000000000","140","196","0","5128.23010","7233.7900002002717","22.0000000000","8.0000000000","14.0000000000","3.0000000000","2.0000000000","3.0000000000","","17.0000000000","3.0000000000","","247.6262660161","2.0000000000","","","7344.0000000000","869c85ee-8871-4402-be74-2ce39a46856d","2794f857-7792-4f4b-b5fc-204ce195a191"
"Jarman Impey","04","Midfielder","166236240","2025-08-16T00:00:00Z","23","12552.17309","1571.95999999999994","38","1329.43595","8.82091","104.1128350946252460","121.3414825000000000","182","152","0","4346.97992","7233.7900002002717","10.0000000000","5.0000000000","5.0000000000","2.0000000000","","1.0000000000","1.0000000000","6.0000000000","1.0000000000","","9.8424167759","","","","7344.0000000000","869c85ee-8871-4402-be74-2ce39a46856d","48b7449c-7b00-4728-8dcf-81959514acff"
"Mitch Lewis","02","Back","166236240","2025-08-16T00:00:00Z","23","11868.56079","1337.78999000000001","33","954.67901","8.76575","98.4426762983560080","53.9989325000000000","119","159","0","3936.99005","7233.7900002002717","13.0000000000","8.0000000000","5.0000000000","6.0000000000","3.0000000000","","1.0000000000","10.0000000000","6.0000000000","","325.0091621164","5.0000000000","2.0000000000","","7344.0000000000","869c85ee-8871-4402-be74-2ce39a46856d","35159eb5-300f-48c1-b664-b6b12ef66fda"
"Jai Newcombe","03","Hybrid","166236240","2025-08-16T00:00:00Z","23","12165.63476","1047.02997999999994","24","1278.87258","7.84526","100.9067287797670680","102.5858650000000000","175","154","0","4681.08002","7233.7900002002717","22.0000000000","8.0000000000","14.0000000000","5.0000000000","5.0000000000","3.0000000000","1.0000000000","18.0000000000","2.0000000000","","210.0210925682","4.0000000000","","","7344.0000000000","869c85ee-8871-4402-be74-2ce39a46856d","a5e3bb3d-7e57-4dff-9d50-d405f3e1a584"
"Karl Amon","10","Hybrid","166236240","2025-08-16T00:00:00Z","23","13765.97633","1509.71999","34","1307.26950","8.04058","114.1806134511967920","75.4690075000000000","137","157","0","4907.09998","7233.7900002002717","10.0000000000","7.0000000000","3.0000000000","4.0000000000","2.0000000000","1.0000000000","","7.0000000000","1.0000000000","2.0000000000","173.3841259183","4.0000000000","","","7344.0000000000","869c85ee-8871-4402-be74-2ce39a46856d","036695b3-12e6-43fb-a153-0dea34fd7c41"
"Jack Gunston","19","Forward","166236240","2025-08-16T00:00:00Z","23","10468.87500","610.10000000000000","18","973.30209","7.63209","86.8331123771369880","87.5070125000000000","147","134","0","3348.57001","7233.7900002002717","11.0000000000","4.0000000000","7.0000000000","","3.0000000000","1.0000000000","","15.0000000000","","","53.0041785505","2.0000000000","1.0000000000","1.0000000000","7344.0000000000","869c85ee-8871-4402-be74-2ce39a46856d","0325dfcd-afd9-4feb-9006-dd13f41ca9e6"
"Karl Amon","10","Hybrid","166690899","2025-07-19T00:00:00Z","19","13595.31371","1823.33998","41","1364.86990","7.87174","106.7711564335090680","113.7357025000000000","177","171","0","4577.12000","7639.8799998760223","15.0000000000","10.0000000000","5.0000000000","2.0000000000","4.0000000000","2.0000000000","","18.0000000000","2.0000000000","1.0000000000","238.1348748978","5.0000000000","","1.0000000000","7648.0000000000","e866e05c-99e3-4cc1-a975-4c163eaf7553","036695b3-12e6-43fb-a153-0dea34fd7c41"
"Jack Gunston","19","Forward","166690899","2025-07-19T00:00:00Z","19","11488.06641","883.69999","23","1150.67175","7.7178","90.2218339307928240","84.4959250000000000","152","136","0","4235.83002","7639.8799998760223","13.0000000000","9.0000000000","4.0000000000","3.0000000000","1.0000000000","1.0000000000","1.0000000000","9.0000000000","","","113.5086031747","1.0000000000","3.0000000000","2.0000000000","7648.0000000000","e866e05c-99e3-4cc1-a975-4c163eaf7553","0325dfcd-afd9-4feb-9006-dd13f41ca9e6"
"Massimo D'Ambrosio","16","Hybrid","166690899","2025-07-19T00:00:00Z","19","11825.66503","1639.67999000000009","45","1240.17791","8.41935","92.8731736377422400","153.4817300000000000","173","196","0","3901.78003","7639.8799998760223","26.0000000000","9.0000000000","17.0000000000","3.0000000000","3.0000000000","10.0000000000","2.0000000000","21.0000000000","2.0000000000","3.0000000000","337.5860373173","5.0000000000","","","7648.0000000000","e866e05c-99e3-4cc1-a975-4c163eaf7553","dc9a9fa6-3f4c-464e-ae3c-ce8c25ab08d1"
"Jarman Impey","04","Midfielder","166690899","2025-07-19T00:00:00Z","19","12826.47241","1674.53999000000012","44","1358.69000","8.7577","100.7330409132720240","118.8112775000000000","184","159","0","4187.56000","7639.8799998760223","26.0000000000","18.0000000000","8.0000000000","5.0000000000","5.0000000000","","1.0000000000","13.0000000000","2.0000000000","4.0000000000","459.3590473238","5.0000000000","3.0000000000","2.0000000000","7648.0000000000","e866e05c-99e3-4cc1-a975-4c163eaf7553","48b7449c-7b00-4728-8dcf-81959514acff"
"Karl Amon","10","Hybrid","166690899","2025-07-19T00:00:00Z","19","13595.31371","1823.33998","41","1364.86990","7.87174","106.7711564335090680","113.7357025000000000","177","171","0","4577.12000","7639.8799998760223","22.0000000000","16.0000000000","6.0000000000","3.0000000000","4.0000000000","2.0000000000","1.0000000000","10.0000000000","4.0000000000","1.0000000000","543.5795864699","5.0000000000","","","7648.0000000000","e866e05c-99e3-4cc1-a975-4c163eaf7553","036695b3-12e6-43fb-a153-0dea34fd7c41"
"James Sicily","06","Back","166690899","2025-07-19T00:00:00Z","19","12871.95680","1289.81002000000006","28","1227.96948","8.11734","101.0902537752599460","35.5385375000000000","167","126","0","4409.16998","7639.8799998760223","21.0000000000","13.0000000000","8.0000000000","6.0000000000","3.0000000000","","3.0000000000","7.0000000000","","3.0000000000","389.2655914368","3.0000000000","","","7648.0000000000","e866e05c-99e3-4cc1-a975-4c163eaf7553","29708cec-1d8a-451d-a7da-18fca9557adc"
"Tom Barrass","37","Hybrid","166690899","2025-07-19T00:00:00Z","19","12266.79199","479.17000000000000","15","1069.36170","7.50526","96.3375759058969140","83.4524400000000000","152","130","0","4433.62005","7639.8799998760223","5.0000000000","3.0000000000","2.0000000000","4.0000000000","2.0000000000","","","7.0000000000","","3.0000000000","66.0096753594","1.0000000000","","","7648.0000000000","e866e05c-99e3-4cc1-a975-4c163eaf7553","6c56e5bd-2cd0-47f8-993f-dcc1d1ebce45"
"Jack Ginnivan","33","Hybrid","166690899","2025-07-19T00:00:00Z","19","12615.40967","1610.59001000000006","45","1199.89781","7.68254","99.0754540925097180","143.6707675000000000","172","205","0","4023.14996","7639.8799998760223","12.0000000000","11.0000000000","1.0000000000","","1.0000000000","","","17.0000000000","2.0000000000","","251.1053693164","3.0000000000","","","7648.0000000000","e866e05c-99e3-4cc1-a975-4c163eaf7553","020880cf-4cc3-45b8-ade5-ced73183435f"
"Josh Battle","24","Hybrid","166690899","2025-07-19T00:00:00Z","19","15433.03564","1145.50997000000001","34","1522.51379","8.19994","121.2037543017726120","117.9310400000000000","191","221","0","5158.59986","7639.8799998760223","22.0000000000","13.0000000000","9.0000000000","1.0000000000","7.0000000000","10.0000000000","2.0000000000","20.0000000000","2.0000000000","6.0000000000","450.5264206956","5.0000000000","1.0000000000","","7648.0000000000","e866e05c-99e3-4cc1-a975-4c163eaf7553","d906015c-707c-4176-b45b-c0b21e435310"
"Blake Hardwick","15","Back","166690899","2025-07-19T00:00:00Z","19","14591.48827","1095.13","30","1352.65555","8.26818","114.5946397344208500","91.6831725000000000","172","206","0","4733.90003","7639.8799998760223","27.0000000000","22.0000000000","5.0000000000","8.0000000000","4.0000000000","1.0000000000","1.0000000000","12.0000000000","3.0000000000","10.0000000000","840.0533373087","7.0000000000","","","7648.0000000000","e866e05c-99e3-4cc1-a975-4c163eaf7553","2ca83ae0-85a1-479e-bef1-d06af29b9200"
"Jack Scrimshaw","14","Hybrid","166690899","2025-07-19T00:00:00Z","19","11598.26514","976.50001000000002","30","1028.64652","8.11709","91.0872825765971160","146.4492400000000000","174","167","0","4046.15008","7639.8799998760223","18.0000000000","9.0000000000","9.0000000000","2.0000000000","5.0000000000","","1.0000000000","6.0000000000","1.0000000000","3.0000000000","281.3927774015","2.0000000000","","","7648.0000000000","e866e05c-99e3-4cc1-a975-4c163eaf7553","131ea882-7562-4a3d-a0e0-ddd0ca763ee2"
"Josh Battle","24","Hybrid","166690899","2025-07-19T00:00:00Z","19","15433.03564","1145.50997000000001","34","1522.51379","8.19994","121.2037543017726120","117.9310400000000000","191","221","0","5158.59986","7639.8799998760223","17.0000000000","11.0000000000","6.0000000000","2.0000000000","3.0000000000","2.0000000000","1.0000000000","13.0000000000","2.0000000000","1.0000000000","219.1042642641","3.0000000000","","","7648.0000000000","e866e05c-99e3-4cc1-a975-4c163eaf7553","d906015c-707c-4176-b45b-c0b21e435310"
"Mitch Lewis","02","Back","166690899","2025-07-19T00:00:00Z","19","8866.49341","815.12998999999999","18","734.22177","7.91552","93.0622820334331500","141.7311900000000000","155","144","0","2642.78998","5716.4899997711181","7.0000000000","4.0000000000","3.0000000000","","2.0000000000","1.0000000000","","9.0000000000","2.0000000000","","108.3322360581","3.0000000000","","1.0000000000","7648.0000000000","e866e05c-99e3-4cc1-a975-4c163eaf7553","35159eb5-300f-48c1-b664-b6b12ef66fda"
"Harry Morrison","01","Back","166690899","2025-07-19T00:00:00Z","19","14954.18555","1740.9699899999999","44","1434.39087","8.25824","117.4430924326769940","108.7216125000000000","170","177","0","5016.28002","7639.8799998760223","21.0000000000","16.0000000000","5.0000000000","1.0000000000","2.0000000000","2.0000000000","2.0000000000","11.0000000000","3.0000000000","3.0000000000","399.1764761654","9.0000000000","","","7648.0000000000","e866e05c-99e3-4cc1-a975-4c163eaf7553","28405012-6960-46d6-9664-4d4f08217ee7"
"Lloyd Meek","17","Hybrid","166690899","2025-07-19T00:00:00Z","19","12705.48706","327.35","7","1358.97836","6.77864","99.7828792615029120","99.5232300000000000","169","148","0","4758.33007","7639.8799998760223","12.0000000000","4.0000000000","8.0000000000","1.0000000000","4.0000000000","5.0000000000","1.0000000000","17.0000000000","3.0000000000","1.0000000000","177.3615411637","1.0000000000","","","7648.0000000000","e866e05c-99e3-4cc1-a975-4c163eaf7553","78eb8442-e99a-445f-8154-59b764e0c73a"
"Nick Watson","05","Hybrid","166690899","2025-07-19T00:00:00Z","19","11275.52393","1466.37002999999996","41","1098.40625","8.86619","88.5526259327343540","106.6117900000000000","182","134","0","3775.45001","7639.8799998760223","26.0000000000","19.0000000000","7.0000000000","2.0000000000","7.0000000000","9.0000000000","1.0000000000","26.0000000000","6.0000000000","4.0000000000","481.5126138256","8.0000000000","","","7648.0000000000","e866e05c-99e3-4cc1-a975-4c163eaf7553","d15ed9ce-f683-4f0e-b12f-c87e4029f11e"
"James Sicily","06","Back","166690899","2025-07-19T00:00:00Z","19","12871.95680","1289.81002000000006","28","1227.96948","8.11734","101.0902537752599460","35.5385375000000000","167","126","0","4409.16998","7639.8799998760223","25.0000000000","22.0000000000","3.0000000000","2.0000000000","5.0000000000","3.0000000000","1.0000000000","20.0000000000","5.0000000000","7.0000000000","808.5525754542","3.0000000000","","","7648.0000000000","e866e05c-99e3-4cc1-a975-4c163eaf7553","29708cec-1d8a-451d-a7da-18fca9557adc"
"Josh Ward","25","Hybrid","166690899","2025-07-19T00:00:00Z","19","14740.23633","1468.36999999999995","30","1398.17200","8.40465","115.7628365647565160","50.8210275000000000","159","215","0","5437.32019","7639.8799998760223","14.0000000000","6.0000000000","8.0000000000","2.0000000000","1.0000000000","","","12.0000000000","","4.0000000000","122.6851493858","7.0000000000","","","7648.0000000000","e866e05c-99e3-4cc1-a975-4c163eaf7553","2794f857-7792-4f4b-b5fc-204ce195a191"
"Massimo D'Ambrosio","16","Hybrid","166690899","2025-07-19T00:00:00Z","19","11825.66503","1639.67999000000009","45","1240.17791","8.41935","92.8731736377422400","153.4817300000000000","173","196","0","3901.78003","7639.8799998760223","17.0000000000","11.0000000000","6.0000000000","2.0000000000","4.0000000000","2.0000000000","","14.0000000000","4.0000000000","","199.6181781975","4.0000000000","","","7648.0000000000","e866e05c-99e3-4cc1-a975-4c163eaf7553","dc9a9fa6-3f4c-464e-ae3c-ce8c25ab08d1"
"Connor Macdonald","09","Hybrid","166690899","2025-07-19T00:00:00Z","19","13815.83374","1880.49001000000000","47","1393.01047","7.73399","108.5030163318601800","85.6225850000000000","152","186","0","4407.29005","7639.8799998760223","18.0000000000","11.0000000000","7.0000000000","3.0000000000","5.0000000000","6.0000000000","2.0000000000","18.0000000000","4.0000000000","1.0000000000","367.5147707939","4.0000000000","","1.0000000000","7648.0000000000","e866e05c-99e3-4cc1-a975-4c163eaf7553","7381a6b2-b11c-4f42-85df-1b3b97b11693"
"Calsher Dear","13","Hybrid","166690899","2025-07-19T00:00:00Z","19","13101.50000","1348.33996","36","1148.25434","7.75487","102.8929773782777280","0.00000000000000000000","0","180","0","4386.79999","7639.8799998760223","32.0000000000","25.0000000000","7.0000000000","2.0000000000","9.0000000000","6.0000000000","","29.0000000000","8.0000000000","","523.1731612808","9.0000000000","2.0000000000","","7648.0000000000","e866e05c-99e3-4cc1-a975-4c163eaf7553","8abef924-5203-4e6c-967d-b809d768e3b4"
"Conor Nash","11","Back","166690899","2025-07-19T00:00:00Z","19","12405.37207","1021.18002000000003","20","1100.16611","7.47586","97.4259182358988140","68.8264200000000000","168","160","0","4389.96990","7639.8799998760223","19.0000000000","9.0000000000","10.0000000000","1.0000000000","13.0000000000","3.0000000000","1.0000000000","26.0000000000","4.0000000000","","277.0532981601","3.0000000000","","","7648.0000000000","e866e05c-99e3-4cc1-a975-4c163eaf7553","ee799c04-c79f-41c9-bd53-176bb21a7077"
"Jack Scrimshaw","14","Hybrid","166690899","2025-07-19T00:00:00Z","19","11598.26514","976.50001000000002","30","1028.64652","8.11709","91.0872825765971160","146.4492400000000000","174","167","0","4046.15008","7639.8799998760223","12.0000000000","10.0000000000","2.0000000000","2.0000000000","14.0000000000","2.0000000000","","26.0000000000","6.0000000000","1.0000000000","343.7355034173","6.0000000000","","","7648.0000000000","e866e05c-99e3-4cc1-a975-4c163eaf7553","131ea882-7562-4a3d-a0e0-ddd0ca763ee2"
"Finn Maginness","20","Hybrid","166690899","2025-07-19T00:00:00Z","19","14943.33814","1140.70001999999992","38","1595.73965","7.0642","117.3579020108365260","95.0362825000000000","181","248","0","4982.07007","7639.8799998760223","9.0000000000","3.0000000000","6.0000000000","","5.0000000000","2.0000000000","","11.0000000000","1.0000000000","","62.4499061292","4.0000000000","","","7648.0000000000","e866e05c-99e3-4cc1-a975-4c163eaf7553","909a916f-b95d-44e4-8b9c-51b5ef5f1d35"
"Jack Gunston","19","Forward","166690899","2025-07-19T00:00:00Z","19","11488.06641","883.69999","23","1150.67175","7.7178","90.2218339307928240","84.4959250000000000","152","136","0","4235.83002","7639.8799998760223","10.0000000000","7.0000000000","3.0000000000","1.0000000000","4.0000000000","","","13.0000000000","1.0000000000","","157.1772260773","3.0000000000","2.0000000000","1.0000000000","7648.0000000000","e866e05c-99e3-4cc1-a975-4c163eaf7553","0325dfcd-afd9-4feb-9006-dd13f41ca9e6"
"Jack Ginnivan","33","Hybrid","166690899","2025-07-19T00:00:00Z","19","12615.40967","1610.59001000000006","45","1199.89781","7.68254","99.0754540925097180","143.6707675000000000","172","205","0","4023.14996","7639.8799998760223","21.0000000000","12.0000000000","9.0000000000","4.0000000000","2.0000000000","1.0000000000","","6.0000000000","2.0000000000","1.0000000000","282.1663378038","","1.0000000000","","7648.0000000000","e866e05c-99e3-4cc1-a975-4c163eaf7553","020880cf-4cc3-45b8-ade5-ced73183435f"
"Dylan Moore","08","Midfielder","166690899","2025-07-19T00:00:00Z","19","15521.83399","2010.9599799999999","56","1584.54056","8.03356","121.9011344962372500","116.7610175000000000","175","209","0","5462.66004","7639.8799998760223","9.0000000000","8.0000000000","1.0000000000","1.0000000000","4.0000000000","","","8.0000000000","2.0000000000","3.0000000000","243.6035350036","5.0000000000","","","7648.0000000000","e866e05c-99e3-4cc1-a975-4c163eaf7553","8b0242f4-3a3b-4651-949f-17da0062afba"
"Josh Ward","25","Hybrid","166690899","2025-07-19T00:00:00Z","19","14740.23633","1468.36999999999995","30","1398.17200","8.40465","115.7628365647565160","50.8210275000000000","159","215","0","5437.32019","7639.8799998760223","26.0000000000","15.0000000000","11.0000000000","2.0000000000","9.0000000000","6.0000000000","2.0000000000","25.0000000000","10.0000000000","","567.4359420375","6.0000000000","","","7648.0000000000","e866e05c-99e3-4cc1-a975-4c163eaf7553","2794f857-7792-4f4b-b5fc-204ce195a191"
"Jai Newcombe","03","Hybrid","166690899","2025-07-19T00:00:00Z","19","13891.15625","1118.22001000000000","23","1495.90058","7.71192","109.0945636598382840","93.9092525000000000","182","168","0","5111.99988","7639.8799998760223","11.0000000000","2.0000000000","9.0000000000","","4.0000000000","5.0000000000","","17.0000000000","1.0000000000","2.0000000000","116.0274663444","","","","7648.0000000000","e866e05c-99e3-4cc1-a975-4c163eaf7553","a5e3bb3d-7e57-4dff-9d50-d405f3e1a584"
"Bailey Macdonald","42","Hybrid","166690899","2025-07-19T00:00:00Z","19","5791.56372","621.02999999999997","14","640.85721","8.5548","91.1313398217813420","0.00000000000000000000","0","80","0","1911.56006","3813.1100001335144","4.0000000000","3.0000000000","1.0000000000","","2.0000000000","","","9.0000000000","2.0000000000","","83.0818636170","","1.0000000000","","7648.0000000000","e866e05c-99e3-4cc1-a975-4c163eaf7553","8311e970-95e1-4e14-aebd-95f6b458bc6b"
"Jack Gunston","19","Forward","166707282","2025-07-24T00:00:00Z","20","13109.16772","990.81001000000000","22","1294.69046","7.86784","108.1709698338890640","74.4523475000000000","166","149","0","4853.14002","7271.3599998950958","18.0000000000","13.0000000000","5.0000000000","4.0000000000","1.0000000000","1.0000000000","2.0000000000","8.0000000000","4.0000000000","","315.5090786604","1.0000000000","3.0000000000","1.0000000000","7296.0000000000","e70271d7-604f-47da-8eb3-a3a5ad2792eb","0325dfcd-afd9-4feb-9006-dd13f41ca9e6"
"James Sicily","06","Back","166707282","2025-07-24T00:00:00Z","20","12114.91015","1492.7400200000001","33","1142.05936","8.3434","99.9668024978115420","87.8738425000000000","167","135","0","4239.79993","7271.3599998950958","18.0000000000","13.0000000000","5.0000000000","3.0000000000","1.0000000000","7.0000000000","","13.0000000000","3.0000000000","","299.3242605419","6.0000000000","","1.0000000000","7296.0000000000","e70271d7-604f-47da-8eb3-a3a5ad2792eb","29708cec-1d8a-451d-a7da-18fca9557adc"
"Bailey Macdonald","42","Hybrid","166707282","2025-07-24T00:00:00Z","20","6318.15381","698.28001999999996","16","641.83432","8.20914","105.2303637843141540","0.00000000000000000000","0","89","0","2144.66004","3602.4699997901917","18.0000000000","14.0000000000","4.0000000000","4.0000000000","5.0000000000","2.0000000000","1.0000000000","16.0000000000","1.0000000000","2.0000000000","302.7921033046","1.0000000000","","","7296.0000000000","e70271d7-604f-47da-8eb3-a3a5ad2792eb","8311e970-95e1-4e14-aebd-95f6b458bc6b"
"Blake Hardwick","15","Back","166707282","2025-07-24T00:00:00Z","20","13453.16920","1195.48","33","1285.89166","7.86315","111.0095156905510620","110.5073950000000000","173","192","0","4529.89001","7271.3599998950958","16.0000000000","13.0000000000","3.0000000000","3.0000000000","3.0000000000","","1.0000000000","19.0000000000","4.0000000000","1.0000000000","282.4324576844","1.0000000000","1.0000000000","2.0000000000","7296.0000000000","e70271d7-604f-47da-8eb3-a3a5ad2792eb","2ca83ae0-85a1-479e-bef1-d06af29b9200"
"Jarman Impey","04","Midfielder","166707282","2025-07-24T00:00:00Z","20","12012.02954","1456.34002000000008","42","1279.69511","8.22066","99.1178778674687940","113.4417250000000000","181","154","0","4069.60999","7271.3599998950958","25.0000000000","14.0000000000","11.0000000000","8.0000000000","3.0000000000","","","14.0000000000","","3.0000000000","350.0129102590","1.0000000000","","2.0000000000","7296.0000000000","e70271d7-604f-47da-8eb3-a3a5ad2792eb","48b7449c-7b00-4728-8dcf-81959514acff"
"Calsher Dear","13","Hybrid","166707282","2025-07-24T00:00:00Z","20","12272.98828","1227.82999","30","1097.02242","7.63965","101.2711922956123440","0.00000000000000000000","0","154","0","3932.23993","7271.3599998950958","21.0000000000","13.0000000000","8.0000000000","7.0000000000","1.0000000000","1.0000000000","","12.0000000000","1.0000000000","","292.1070259512","4.0000000000","","","7296.0000000000","e70271d7-604f-47da-8eb3-a3a5ad2792eb","8abef924-5203-4e6c-967d-b809d768e3b4"
"Karl Amon","10","Hybrid","166707282","2025-07-24T00:00:00Z","20","13493.83741","1788.01998000000003","39","1295.15268","7.93833","111.3450915113102040","22.9878375000000000","127","141","0","5042.51007","7271.3599998950958","17.0000000000","15.0000000000","2.0000000000","3.0000000000","","","","7.0000000000","1.0000000000","4.0000000000","403.6175433849","3.0000000000","","","7296.0000000000","e70271d7-604f-47da-8eb3-a3a5ad2792eb","036695b3-12e6-43fb-a153-0dea34fd7c41"
"James Sicily","06","Back","166707282","2025-07-24T00:00:00Z","20","12114.91015","1492.7400200000001","33","1142.05936","8.3434","99.9668024978115420","87.8738425000000000","167","135","0","4239.79993","7271.3599998950958","25.0000000000","17.0000000000","8.0000000000","11.0000000000","3.0000000000","","1.0000000000","7.0000000000","2.0000000000","4.0000000000","351.9214913002","4.0000000000","","","7296.0000000000","e70271d7-604f-47da-8eb3-a3a5ad2792eb","29708cec-1d8a-451d-a7da-18fca9557adc"
"Tom Barrass","37","Hybrid","166707282","2025-07-24T00:00:00Z","20","11774.07887","734.97000999999998","18","1041.31696","7.7697","97.1544157090546920","77.8059825000000000","105","116","0","4086.60003","7271.3599998950958","13.0000000000","9.0000000000","4.0000000000","7.0000000000","","","","2.0000000000","1.0000000000","3.0000000000","141.0876479769","","","","7296.0000000000","e70271d7-604f-47da-8eb3-a3a5ad2792eb","6c56e5bd-2cd0-47f8-993f-dcc1d1ebce45"
"Connor Macdonald","09","Hybrid","166707282","2025-07-24T00:00:00Z","20","12803.06445","1828.94000999999995","49","1295.39969","8.50393","105.6451430009080320","82.3824675000000000","174","148","0","4397.27992","7271.3599998950958","18.0000000000","4.0000000000","14.0000000000","2.0000000000","6.0000000000","5.0000000000","","22.0000000000","","","112.4105642589","2.0000000000","","","7296.0000000000","e70271d7-604f-47da-8eb3-a3a5ad2792eb","7381a6b2-b11c-4f42-85df-1b3b97b11693"
"Blake Hardwick","15","Back","166707282","2025-07-24T00:00:00Z","20","13453.16920","1195.48","33","1285.89166","7.86315","111.0095156905510620","110.5073950000000000","173","192","0","4529.89001","7271.3599998950958","19.0000000000","15.0000000000","4.0000000000","7.0000000000","2.0000000000","","1.0000000000","8.0000000000","2.0000000000","2.0000000000","315.0293850091","4.0000000000","","","7296.0000000000","e70271d7-604f-47da-8eb3-a3a5ad2792eb","2ca83ae0-85a1-479e-bef1-d06af29b9200"
"Jack Scrimshaw","14","Hybrid","166707282","2025-07-24T00:00:00Z","20","12076.44898","791.14000000000001","22","1098.01801","7.43264","99.6494381808153720","92.9348275000000000","130","140","0","4718.76001","7271.3599998950958","15.0000000000","9.0000000000","6.0000000000","6.0000000000","2.0000000000","","","5.0000000000","1.0000000000","1.0000000000","213.1413841732","4.0000000000","","","7296.0000000000","e70271d7-604f-47da-8eb3-a3a5ad2792eb","131ea882-7562-4a3d-a0e0-ddd0ca763ee2"
"Josh Battle","24","Hybrid","166707282","2025-07-24T00:00:00Z","20","13858.11182","1310.36000999999999","31","1374.25052","8.07726","114.3509204897014980","82.8700425000000000","166","192","0","4621.64007","7271.3599998950958","14.0000000000","9.0000000000","5.0000000000","7.0000000000","1.0000000000","","","8.0000000000","2.0000000000","2.0000000000","242.4202901764","3.0000000000","","","7296.0000000000","e70271d7-604f-47da-8eb3-a3a5ad2792eb","d906015c-707c-4176-b45b-c0b21e435310"
"Mitch Lewis","02","Back","166707282","2025-07-24T00:00:00Z","20","11512.07251","1417.21000000000006","31","950.99733","7.626","94.9924567907468640","98.3356175000000000","115","137","0","3764.81005","7271.3599998950958","14.0000000000","9.0000000000","5.0000000000","6.0000000000","2.0000000000","","1.0000000000","12.0000000000","3.0000000000","","302.5402120995","3.0000000000","2.0000000000","1.0000000000","7296.0000000000","e70271d7-604f-47da-8eb3-a3a5ad2792eb","35159eb5-300f-48c1-b664-b6b12ef66fda"
"Karl Amon","10","Hybrid","166707282","2025-07-24T00:00:00Z","20","13493.83741","1788.01998000000003","39","1295.15268","7.93833","111.3450915113102040","22.9878375000000000","127","141","0","5042.51007","7271.3599998950958","11.0000000000","8.0000000000","3.0000000000","4.0000000000","1.0000000000","2.0000000000","1.0000000000","6.0000000000","1.0000000000","1.0000000000","211.3026069848","3.0000000000","1.0000000000","1.0000000000","7296.0000000000","e70271d7-604f-47da-8eb3-a3a5ad2792eb","036695b3-12e6-43fb-a153-0dea34fd7c41"
"Harry Morrison","01","Back","166707282","2025-07-24T00:00:00Z","20","13657.30762","1738.00999000000015","40","1329.98050","8.35958","112.6939743338002920","110.6521525000000000","145","162","0","4949.55006","7271.3599998950958","17.0000000000","8.0000000000","9.0000000000","5.0000000000","1.0000000000","2.0000000000","","7.0000000000","4.0000000000","2.0000000000","294.3765057015","4.0000000000","1.0000000000","","7296.0000000000","e70271d7-604f-47da-8eb3-a3a5ad2792eb","28405012-6960-46d6-9664-4d4f08217ee7"
"Lloyd Meek","17","Hybrid","166707282","2025-07-24T00:00:00Z","20","12788.58887","535.61","10","1311.26690","7.47846","105.5256970100600280","89.0426125000000000","182","148","0","5027.11993","7271.3599998950958","13.0000000000","6.0000000000","7.0000000000","3.0000000000","2.0000000000","3.0000000000","","14.0000000000","1.0000000000","1.0000000000","118.1801326800","3.0000000000","","","7296.0000000000","e70271d7-604f-47da-8eb3-a3a5ad2792eb","78eb8442-e99a-445f-8154-59b764e0c73a"
"Nick Watson","05","Hybrid","166707282","2025-07-24T00:00:00Z","20","12037.22046","1415.35999999999983","35","1229.75637","8.72378","99.3257420359354620","97.8177775000000000","149","107","0","4421.43005","7271.3599998950958","17.0000000000","8.0000000000","9.0000000000","2.0000000000","9.0000000000","3.0000000000","2.0000000000","22.0000000000","4.0000000000","2.0000000000","280.1188319235","3.0000000000","","","7296.0000000000","e70271d7-604f-47da-8eb3-a3a5ad2792eb","d15ed9ce-f683-4f0e-b12f-c87e4029f11e"
"Dylan Moore","08","Midfielder","166707282","2025-07-24T00:00:00Z","20","15190.82080","2267.32998999999985","52","1560.25788","8.34428","125.3478369951631500","97.8328475000000000","161","210","0","5547.28004","7271.3599998950958","10.0000000000","3.0000000000","7.0000000000","4.0000000000","2.0000000000","","","22.0000000000","1.0000000000","","35.8523127785","","","","7296.0000000000","e70271d7-604f-47da-8eb3-a3a5ad2792eb","8b0242f4-3a3b-4651-949f-17da0062afba"
"Nick Watson","05","Hybrid","166707282","2025-07-24T00:00:00Z","20","12037.22046","1415.35999999999983","35","1229.75637","8.72378","99.3257420359354620","97.8177775000000000","149","107","0","4421.43005","7271.3599998950958","19.0000000000","13.0000000000","6.0000000000","5.0000000000","3.0000000000","1.0000000000","1.0000000000","15.0000000000","6.0000000000","1.0000000000","402.3174846797","5.0000000000","1.0000000000","","7296.0000000000","e70271d7-604f-47da-8eb3-a3a5ad2792eb","d15ed9ce-f683-4f0e-b12f-c87e4029f11e"
"Will Day","12","Hybrid","166707282","2025-07-24T00:00:00Z","20","10804.91627","828.69000999999996","21","1162.70490","8.77414","89.1573208050973920","54.7773800000000000","117","164","0","3988.72997","7271.3599998950958","15.0000000000","8.0000000000","7.0000000000","3.0000000000","1.0000000000","3.0000000000","","6.0000000000","4.0000000000","1.0000000000","224.7708305891","3.0000000000","","","7296.0000000000","e70271d7-604f-47da-8eb3-a3a5ad2792eb","09911943-d336-480e-bc5a-6f526913bbfb"
"Massimo D'Ambrosio","16","Hybrid","166707282","2025-07-24T00:00:00Z","20","12219.31152","1731.91996999999996","45","1214.54028","8.28967","100.8282757572967500","66.2252575000000000","166","167","0","4031.59998","7271.3599998950958","22.0000000000","13.0000000000","9.0000000000","7.0000000000","2.0000000000","1.0000000000","","7.0000000000","2.0000000000","3.0000000000","377.8180476809","5.0000000000","","","7296.0000000000","e70271d7-604f-47da-8eb3-a3a5ad2792eb","dc9a9fa6-3f4c-464e-ae3c-ce8c25ab08d1"
"Calsher Dear","13","Hybrid","166707282","2025-07-24T00:00:00Z","20","12272.98828","1227.82999","30","1097.02242","7.63965","101.2711922956123440","0.00000000000000000000","0","154","0","3932.23993","7271.3599998950958","27.0000000000","13.0000000000","14.0000000000","6.0000000000","4.0000000000","2.0000000000","1.0000000000","16.0000000000","2.0000000000","2.0000000000","261.8093358399","3.0000000000","","","7296.0000000000","e70271d7-604f-47da-8eb3-a3a5ad2792eb","8abef924-5203-4e6c-967d-b809d768e3b4"
"Conor Nash","11","Back","166707282","2025-07-24T00:00:00Z","20","13008.84619","1158.27001","24","1125.66911","7.48529","107.3431615834260360","43.5352575000000000","149","183","0","4842.16999","7271.3599998950958","21.0000000000","8.0000000000","13.0000000000","8.0000000000","5.0000000000","4.0000000000","","25.0000000000","2.0000000000","1.0000000000","111.7214678716","4.0000000000","","","7296.0000000000","e70271d7-604f-47da-8eb3-a3a5ad2792eb","ee799c04-c79f-41c9-bd53-176bb21a7077"
"Jack Gunston","19","Forward","166707282","2025-07-24T00:00:00Z","20","13109.16772","990.81001000000000","22","1294.69046","7.86784","108.1709698338890640","74.4523475000000000","166","149","0","4853.14002","7271.3599998950958","9.0000000000","7.0000000000","2.0000000000","2.0000000000","2.0000000000","","1.0000000000","14.0000000000","1.0000000000","","192.8893741829","3.0000000000","1.0000000000","","7296.0000000000","e70271d7-604f-47da-8eb3-a3a5ad2792eb","0325dfcd-afd9-4feb-9006-dd13f41ca9e6"
"Will Day","12","Hybrid","166707282","2025-07-24T00:00:00Z","20","10804.91627","828.69000999999996","21","1162.70490","8.77414","89.1573208050973920","54.7773800000000000","117","164","0","3988.72997","7271.3599998950958","15.0000000000","8.0000000000","7.0000000000","4.0000000000","5.0000000000","3.0000000000","1.0000000000","21.0000000000","2.0000000000","2.0000000000","171.7211065727","3.0000000000","","","7296.0000000000","e70271d7-604f-47da-8eb3-a3a5ad2792eb","09911943-d336-480e-bc5a-6f526913bbfb"
"Jack Ginnivan","33","Hybrid","166707282","2025-07-24T00:00:00Z","20","12941.42602","1888.47998999999999","46","1324.45862","8.03914","106.7868405925717320","105.3620650000000000","134","188","0","4238.07996","7271.3599998950958","18.0000000000","9.0000000000","9.0000000000","3.0000000000","6.0000000000","2.0000000000","1.0000000000","18.0000000000","4.0000000000","","285.8411628161","2.0000000000","1.0000000000","","7296.0000000000","e70271d7-604f-47da-8eb3-a3a5ad2792eb","020880cf-4cc3-45b8-ade5-ced73183435f"
"Josh Ward","25","Hybrid","166707282","2025-07-24T00:00:00Z","20","14283.45215","1608.22001999999994","38","1279.07199","7.93932","117.8606380391514180","70.6915100000000000","168","175","0","5073.08007","7271.3599998950958","22.0000000000","7.0000000000","15.0000000000","4.0000000000","4.0000000000","1.0000000000","1.0000000000","14.0000000000","3.0000000000","1.0000000000","244.4119226333","1.0000000000","1.0000000000","","7296.0000000000","e70271d7-604f-47da-8eb3-a3a5ad2792eb","2794f857-7792-4f4b-b5fc-204ce195a191"
"Jai Newcombe","03","Hybrid","166707282","2025-07-24T00:00:00Z","20","7946.22607","620.18","15","841.26050","8.012","85.1755528684474260","85.4489566666666667","181","90","0","2698.77002","5597.5399999618530","10.0000000000","3.0000000000","7.0000000000","2.0000000000","","4.0000000000","1.0000000000","16.0000000000","1.0000000000","1.0000000000","80.7365834112","1.0000000000","1.0000000000","","7296.0000000000","e70271d7-604f-47da-8eb3-a3a5ad2792eb","a5e3bb3d-7e57-4dff-9d50-d405f3e1a584"
"Jai Newcombe","03","Hybrid","166707282","2025-07-24T00:00:00Z","20","7946.22607","620.18","15","841.26050","8.012","85.1755528684474260","85.4489566666666667","181","90","0","2698.77002","5597.5399999618530","8.0000000000","3.0000000000","5.0000000000","2.0000000000","3.0000000000","3.0000000000","2.0000000000","10.0000000000","1.0000000000","1.0000000000","87.6649396418","1.0000000000","","","7296.0000000000","e70271d7-604f-47da-8eb3-a3a5ad2792eb","a5e3bb3d-7e57-4dff-9d50-d405f3e1a584"
"Mitch Lewis","02","Back","166707282","2025-07-24T00:00:00Z","20","11512.07251","1417.21000000000006","31","950.99733","7.626","94.9924567907468640","98.3356175000000000","115","137","0","3764.81005","7271.3599998950958","12.0000000000","8.0000000000","4.0000000000","4.0000000000","4.0000000000","","2.0000000000","17.0000000000","3.0000000000","1.0000000000","261.5718914413","3.0000000000","","","7296.0000000000","e70271d7-604f-47da-8eb3-a3a5ad2792eb","35159eb5-300f-48c1-b664-b6b12ef66fda"
"Jarman Impey","04","Midfielder","166707282","2025-07-24T00:00:00Z","20","12012.02954","1456.34002000000008","42","1279.69511","8.22066","99.1178778674687940","113.4417250000000000","181","154","0","4069.60999","7271.3599998950958","20.0000000000","14.0000000000","6.0000000000","7.0000000000","3.0000000000","2.0000000000","1.0000000000","20.0000000000","3.0000000000","5.0000000000","454.5614793925","3.0000000000","","","7296.0000000000","e70271d7-604f-47da-8eb3-a3a5ad2792eb","48b7449c-7b00-4728-8dcf-81959514acff"
"Bailey Macdonald","42","Hybrid","166707282","2025-07-24T00:00:00Z","20","6318.15381","698.28001999999996","16","641.83432","8.20914","105.2303637843141540","0.00000000000000000000","0","89","0","2144.66004","3602.4699997901917","3.0000000000","1.0000000000","2.0000000000","3.0000000000","1.0000000000","","","5.0000000000","","1.0000000000","53.7216882695","2.0000000000","","","7296.0000000000","e70271d7-604f-47da-8eb3-a3a5ad2792eb","8311e970-95e1-4e14-aebd-95f6b458bc6b"
